{"epoch": 9, "loss": 0.00012401792006130563, "macro_accuracy": 1.0, "micro_accuracy": 1.0, "auc": 1.0, "mAP": 1.0, "_timestamp": 1721382622.989869, "_runtime": 17.678250074386597, "_step": 10, "precision_recall_fscore": {"_type": "plotly-file", "sha256": "f5a82d7f531b4180a9f0a20bc54c24ee2fed24d6c6371315bfa8afa946bf115e", "size": 8134, "path": "media/plotly/precision_recall_fscore_10_f5a82d7f531b4180a9f0.plotly.json"}, "precision_recall_curve": {"_type": "plotly-file", "sha256": "7984b6bf4b94d973fd275e98cc234faf50168fbf762822859e749568481e1a3b", "size": 8304, "path": "media/plotly/precision_recall_curve_10_7984b6bf4b94d973fd27.plotly.json"}, "_wandb": {"runtime": 18}}