{"epoch": 9, "loss": 0.406836894651254, "ce_loss": 0.12874537271757922, "l1_loss": 0.2780915250380834, "_timestamp": 1721310753.697386, "_runtime": 4.891219139099121, "_step": 20, "macro_accuracy": 1.0, "micro_accuracy": 1.0, "auc": 1.0, "mAP": 1.0, "precision_recall_fscore": {"_type": "plotly-file", "sha256": "a0ed17e8c265fc65b87eb4aab9ce6b841454cb93842e720de536244308913ab6", "size": 8098, "path": "media/plotly/precision_recall_fscore_20_a0ed17e8c265fc65b87e.plotly.json"}, "precision_recall_curve": {"_type": "plotly-file", "sha256": "8be1b591c8dc711c1a30b82e22174d0a8454fedd1793772c704d47f6e7176b08", "size": 8321, "path": "media/plotly/precision_recall_curve_20_8be1b591c8dc711c1a30.plotly.json"}, "_wandb": {"runtime": 4}}