{"epoch": 9, "loss": 0.3028460919857025, "macro_accuracy": 1.0, "micro_accuracy": 1.0, "auc": 1.0, "mAP": 1.0, "_timestamp": 1721311902.962237, "_runtime": 13.256058931350708, "_step": 10, "precision_recall_fscore": {"_type": "plotly-file", "sha256": "2c252899521b8d361d1709e6dc2a86c78f794748c2ef4610ff2f035bf9798edf", "size": 8170, "path": "media/plotly/precision_recall_fscore_10_2c252899521b8d361d17.plotly.json"}, "precision_recall_curve": {"_type": "plotly-file", "sha256": "eb44d5a252b9a0507e404302ce86339dce4f8c39d2d6cbca2edcb604ebbbbf9f", "size": 8666, "path": "media/plotly/precision_recall_curve_10_eb44d5a252b9a0507e40.plotly.json"}, "_wandb": {"runtime": 12}}