{"epoch": 9, "loss": 0.41368720183769864, "ce_loss": 0.1418288517743349, "l1_loss": 0.2718583469589551, "macro_accuracy": 1.0, "micro_accuracy": 1.0, "auc": 1.0, "mAP": 1.0, "_timestamp": 1721314283.153077, "_runtime": 5.309330940246582, "_step": 10, "precision_recall_fscore": {"_type": "plotly-file", "sha256": "a0ed17e8c265fc65b87eb4aab9ce6b841454cb93842e720de536244308913ab6", "size": 8098, "path": "media/plotly/precision_recall_fscore_10_a0ed17e8c265fc65b87e.plotly.json"}, "precision_recall_curve": {"_type": "plotly-file", "sha256": "b333598e51a5cae55e18aba6223cec064c3c4b8384080357743b6b27bed886a0", "size": 8337, "path": "media/plotly/precision_recall_curve_10_b333598e51a5cae55e18.plotly.json"}, "_wandb": {"runtime": 8}}