{"data": [{"colorscale": [[0.0, "#440154"], [0.1111111111111111, "#482878"], [0.2222222222222222, "#3e4989"], [0.3333333333333333, "#31688e"], [0.4444444444444444, "#26828e"], [0.5555555555555556, "#1f9e89"], [0.6666666666666666, "#35b779"], [0.7777777777777778, "#6ece58"], [0.8888888888888888, "#b5de2b"], [1.0, "#fde725"]], "z": [[1.0, 0.0, 0.0, 0.0, 0.0, 0.0, 0.0, 0.0, 0.0, 0.0, 0.0, 0.0, 0.0, 0.0, 0.0], [0.4981565773487091, 0.5018435120582581, 0.0, 0.0, 0.0, 0.0, 0.0, 0.0, 0.0, 0.0, 0.0, 0.0, 0.0, 0.0, 0.0], [0.4309692680835724, 0.38157758116722107, 0.18745316565036774, 0.0, 0.0, 0.0, 0.0, 0.0, 0.0, 0.0, 0.0, 0.0, 0.0, 0.0, 0.0], [0.3546118140220642, 0.3107894957065582, 0.1438620686531067, 0.1907365322113037, 0.0, 0.0, 0.0, 0.0, 0.0, 0.0, 0.0, 0.0, 0.0, 0.0, 0.0], [0.30081120133399963, 0.2667570412158966, 0.1322598159313202, 0.1709984689950943, 0.12917351722717285, 0.0, 0.0, 0.0, 0.0, 0.0, 0.0, 0.0, 0.0, 0.0, 0.0], [0.26782017946243286, 0.23489978909492493, 0.10921132564544678, 0.14456318318843842, 0.10643226653337479, 0.13707329332828522, 0.0, 0.0, 0.0, 0.0, 0.0, 0.0, 0.0, 0.0, 0.0], [0.23257334530353546, 0.20642615854740143, 0.10287565737962723, 0.1327572464942932, 0.1004924476146698, 0.12648780643939972, 0.09838737547397614, 0.0, 0.0, 0.0, 0.0, 0.0, 0.0, 0.0, 0.0], [0.216033935546875, 0.18937085568904877, 0.08775036036968231, 0.11629728227853775, 0.08550780266523361, 0.11024630069732666, 0.08353160321712494, 0.11126191914081573, 0.0, 0.0, 0.0, 0.0, 0.0, 0.0, 0.0], [0.12163359671831131, 0.11893633008003235, 0.10433856397867203, 0.10946321487426758, 0.10387974232435226, 0.10847203433513641, 0.10346706211566925, 0.10864150524139404, 0.12116791307926178, 0.0, 0.0, 0.0, 0.0, 0.0, 0.0], [0.09945495426654816, 0.09959695488214493, 0.1004301980137825, 0.100124292075634, 0.10045836120843887, 0.10018225759267807, 0.10048380494117737, 0.10017230361700058, 0.09947922825813293, 0.09961768239736557, 0.0, 0.0, 0.0, 0.0, 0.0], [0.1410323530435562, 0.12488903105258942, 0.06140977144241333, 0.07963785529136658, 0.05996003746986389, 0.07580617815256119, 0.058680057525634766, 0.0764504075050354, 0.13812996447086334, 0.12269450724124908, 0.06130988523364067, 0.0, 0.0, 0.0, 0.0], [0.1354246735572815, 0.11881664395332336, 0.055345263332128525, 0.07321007549762726, 0.05394032970070839, 0.06942610442638397, 0.05270205810666084, 0.07006131857633591, 0.13242751359939575, 0.1165711060166359, 0.055248379707336426, 0.06682652980089188, 0.0, 0.0, 0.0], [0.12389229983091354, 0.10984797030687332, 0.05440901219844818, 0.07037100940942764, 0.053137585520744324, 0.06701911985874176, 0.05201477184891701, 0.06758280098438263, 0.12136856466531754, 0.10793738067150116, 0.05432142689824104, 0.06470789760351181, 0.05339018255472183, 0.0, 0.0], [0.12052517384290695, 0.10588055849075317, 0.04969165846705437, 0.06555091589689255, 0.048442497849464417, 0.06219528242945671, 0.0473412461578846, 0.06275870651006699, 0.11788372695446014, 0.10389900952577591, 0.04960552975535393, 0.05988893285393715, 0.04869048669934273, 0.05764635279774666, 0.0], [0.06754589825868607, 0.06736301630735397, 0.06630496680736542, 0.06669043749570847, 0.0662696436047554, 0.06661713868379593, 0.06623776257038116, 0.06662970781326294, 0.0675145760178566, 0.06733638793230057, 0.06630256026983261, 0.06656447798013687, 0.06627672910690308, 0.06651133298873901, 0.06583542376756668]], "type": "heatmap"}], "layout": {"template": {"data": {"histogram2dcontour": [{"type": "histogram2dcontour", "colorbar": {"outlinewidth": 0, "ticks": ""}, "colorscale": [[0.0, "#0d0887"], [0.1111111111111111, "#46039f"], [0.2222222222222222, "#7201a8"], [0.3333333333333333, "#9c179e"], [0.4444444444444444, "#bd3786"], [0.5555555555555556, "#d8576b"], [0.6666666666666666, "#ed7953"], [0.7777777777777778, "#fb9f3a"], [0.8888888888888888, "#fdca26"], [1.0, "#f0f921"]]}], "choropleth": [{"type": "choropleth", "colorbar": {"outlinewidth": 0, "ticks": ""}}], "histogram2d": [{"type": "histogram2d", "colorbar": {"outlinewidth": 0, "ticks": ""}, "colorscale": [[0.0, "#0d0887"], [0.1111111111111111, "#46039f"], [0.2222222222222222, "#7201a8"], [0.3333333333333333, "#9c179e"], [0.4444444444444444, "#bd3786"], [0.5555555555555556, "#d8576b"], [0.6666666666666666, "#ed7953"], [0.7777777777777778, "#fb9f3a"], [0.8888888888888888, "#fdca26"], [1.0, "#f0f921"]]}], "heatmap": [{"type": "heatmap", "colorbar": {"outlinewidth": 0, "ticks": ""}, "colorscale": [[0.0, "#0d0887"], [0.1111111111111111, "#46039f"], [0.2222222222222222, "#7201a8"], [0.3333333333333333, "#9c179e"], [0.4444444444444444, "#bd3786"], [0.5555555555555556, "#d8576b"], [0.6666666666666666, "#ed7953"], [0.7777777777777778, "#fb9f3a"], [0.8888888888888888, "#fdca26"], [1.0, "#f0f921"]]}], "heatmapgl": [{"type": "heatmapgl", "colorbar": {"outlinewidth": 0, "ticks": ""}, "colorscale": [[0.0, "#0d0887"], [0.1111111111111111, "#46039f"], [0.2222222222222222, "#7201a8"], [0.3333333333333333, "#9c179e"], [0.4444444444444444, "#bd3786"], [0.5555555555555556, "#d8576b"], [0.6666666666666666, "#ed7953"], [0.7777777777777778, "#fb9f3a"], [0.8888888888888888, "#fdca26"], [1.0, "#f0f921"]]}], "contourcarpet": [{"type": "contourcarpet", "colorbar": {"outlinewidth": 0, "ticks": ""}}], "contour": [{"type": "contour", "colorbar": {"outlinewidth": 0, "ticks": ""}, "colorscale": [[0.0, "#0d0887"], [0.1111111111111111, "#46039f"], [0.2222222222222222, "#7201a8"], [0.3333333333333333, "#9c179e"], [0.4444444444444444, "#bd3786"], [0.5555555555555556, "#d8576b"], [0.6666666666666666, "#ed7953"], [0.7777777777777778, "#fb9f3a"], [0.8888888888888888, "#fdca26"], [1.0, "#f0f921"]]}], "surface": [{"type": "surface", "colorbar": {"outlinewidth": 0, "ticks": ""}, "colorscale": [[0.0, "#0d0887"], [0.1111111111111111, "#46039f"], [0.2222222222222222, "#7201a8"], [0.3333333333333333, "#9c179e"], [0.4444444444444444, "#bd3786"], [0.5555555555555556, "#d8576b"], [0.6666666666666666, "#ed7953"], [0.7777777777777778, "#fb9f3a"], [0.8888888888888888, "#fdca26"], [1.0, "#f0f921"]]}], "mesh3d": [{"type": "mesh3d", "colorbar": {"outlinewidth": 0, "ticks": ""}}], "scatter": [{"fillpattern": {"fillmode": "overlay", "size": 10, "solidity": 0.2}, "type": "scatter"}], "parcoords": [{"type": "parcoords", "line": {"colorbar": {"outlinewidth": 0, "ticks": ""}}}], "scatterpolargl": [{"type": "scatterpolargl", "marker": {"colorbar": {"outlinewidth": 0, "ticks": ""}}}], "bar": [{"error_x": {"color": "#2a3f5f"}, "error_y": {"color": "#2a3f5f"}, "marker": {"line": {"color": "#E5ECF6", "width": 0.5}, "pattern": {"fillmode": "overlay", "size": 10, "solidity": 0.2}}, "type": "bar"}], "scattergeo": [{"type": "scattergeo", "marker": {"colorbar": {"outlinewidth": 0, "ticks": ""}}}], "scatterpolar": [{"type": "scatterpolar", "marker": {"colorbar": {"outlinewidth": 0, "ticks": ""}}}], "histogram": [{"marker": {"pattern": {"fillmode": "overlay", "size": 10, "solidity": 0.2}}, "type": "histogram"}], "scattergl": [{"type": "scattergl", "marker": {"colorbar": {"outlinewidth": 0, "ticks": ""}}}], "scatter3d": [{"type": "scatter3d", "line": {"colorbar": {"outlinewidth": 0, "ticks": ""}}, "marker": {"colorbar": {"outlinewidth": 0, "ticks": ""}}}], "scattermapbox": [{"type": "scattermapbox", "marker": {"colorbar": {"outlinewidth": 0, "ticks": ""}}}], "scatterternary": [{"type": "scatterternary", "marker": {"colorbar": {"outlinewidth": 0, "ticks": ""}}}], "scattercarpet": [{"type": "scattercarpet", "marker": {"colorbar": {"outlinewidth": 0, "ticks": ""}}}], "carpet": [{"aaxis": {"endlinecolor": "#2a3f5f", "gridcolor": "white", "linecolor": "white", "minorgridcolor": "white", "startlinecolor": "#2a3f5f"}, "baxis": {"endlinecolor": "#2a3f5f", "gridcolor": "white", "linecolor": "white", "minorgridcolor": "white", "startlinecolor": "#2a3f5f"}, "type": "carpet"}], "table": [{"cells": {"fill": {"color": "#EBF0F8"}, "line": {"color": "white"}}, "header": {"fill": {"color": "#C8D4E3"}, "line": {"color": "white"}}, "type": "table"}],