{"data": [{"colorscale": [[0.0, "#440154"], [0.1111111111111111, "#482878"], [0.2222222222222222, "#3e4989"], [0.3333333333333333, "#31688e"], [0.4444444444444444, "#26828e"], [0.5555555555555556, "#1f9e89"], [0.6666666666666666, "#35b779"], [0.7777777777777778, "#6ece58"], [0.8888888888888888, "#b5de2b"], [1.0, "#fde725"]], "z": [[1.0, 0.0, 0.0, 0.0, 0.0, 0.0, 0.0, 0.0, 0.0, 0.0, 0.0, 0.0, 0.0, 0.0, 0.0], [0.9591591954231262, 0.04084080457687378, 0.0, 0.0, 0.0, 0.0, 0.0, 0.0, 0.0, 0.0, 0.0, 0.0, 0.0, 0.0, 0.0], [9.669041901361197e-05, 0.9853421449661255, 0.014561217278242111, 0.0, 0.0, 0.0, 0.0, 0.0, 0.0, 0.0, 0.0, 0.0, 0.0, 0.0, 0.0], [0.7338124513626099, 0.05377727001905441, 0.1773790866136551, 0.03503113240003586, 0.0, 0.0, 0.0, 0.0, 0.0, 0.0, 0.0, 0.0, 0.0, 0.0, 0.0], [6.078182195778936e-06, 0.15657620131969452, 0.0015150144463405013, 0.8282240629196167, 0.013678578659892082, 0.0, 0.0, 0.0, 0.0, 0.0, 0.0, 0.0, 0.0, 0.0, 0.0], [0.7163493037223816, 0.03518856316804886, 0.13932983577251434, 0.02146659418940544, 0.07252901792526245, 0.015136628411710262, 0.0, 0.0, 0.0, 0.0, 0.0, 0.0, 0.0, 0.0, 0.0], [4.196781446808018e-06, 0.03890546038746834, 0.0006003361777402461, 0.17403540015220642, 0.004343673121184111, 0.5018616914749146, 0.2802491784095764, 0.0, 0.0, 0.0, 0.0, 0.0, 0.0, 0.0, 0.0], [0.7354926466941833, 0.028301943093538284, 0.1252802163362503, 0.016587726771831512, 0.06185535341501236, 0.011369955725967884, 0.013995833694934845, 0.007116307038813829, 0.0, 0.0, 0.0, 0.0, 0.0, 0.0, 0.0], [7.122496299416525e-07, 0.011218080297112465, 0.00013588850561063737, 0.05473925918340683, 0.0011028492590412498, 0.1678548902273178, 0.09061744064092636, 0.6740397214889526, 0.00029121970874257386, 0.0, 0.0, 0.0, 0.0, 0.0, 0.0], [0.9123668074607849, 0.003166278824210167, 0.04204951599240303, 0.0012507103383541107, 0.012327910400927067, 0.000648615590762347, 0.0009308363078162074, 0.00028720186674036086, 0.02690122090280056, 7.09396117599681e-05, 0.0, 0.0, 0.0, 0.0, 0.0], [1.6271806657641719e-07, 0.0017275536665692925, 2.5056322556338273e-05, 0.007901668548583984, 0.00018669861310627311, 0.023146992549300194, 0.012814389541745186, 0.08782269805669785, 5.205300112720579e-05, 0.8662740588188171, 4.8614467232255265e-05, 0.0, 0.0, 0.0, 0.0], [0.7361538410186768, 0.012513176538050175, 0.08044052124023438, 0.006414200644940138, 0.03327318653464317, 0.003999209031462669, 0.005186181515455246, 0.002225507516413927, 0.05833205208182335, 0.0008137697004713118, 0.06011086329817772, 0.0005375483888201416, 0.0, 0.0, 0.0], [1.1907912877973104e-08, 0.000291107629891485, 2.884873310904368e-06, 0.0015266775153577328, 2.5752842702786438e-05, 0.004926281049847603, 0.0025859384331852198, 0.02107340283691883, 6.400639904313721e-06, 0.25539863109588623, 5.941183644608827e-06, 0.7141448855400085, 1.2050641998939682e-05, 0.0, 0.0], [0.6492478251457214, 0.015918629243969917, 0.08656851947307587, 0.008665095083415508, 0.03876567631959915, 0.005637036170810461, 0.007141283247619867, 0.0033066668547689915, 0.06461602449417114, 0.0013235631631687284, 0.06640686839818954, 0.0009075101115740836, 0.051226139068603516, 0.00026903784601017833, 0.0], [2.753936634292131e-09, 3.17724043270573e-05, 4.436597293988598e-07, 0.00014731874398421496, 3.3658523079793667e-06, 0.0004357319849077612, 0.0002399495424469933, 0.0016731094801798463, 9.27738426526048e-07, 0.01684560254216194, 8.659231980345794e-07, 0.04363817721605301, 1.6664449731251807e-06, 0.9369375705718994, 4.347115464042872e-05]], "type": "heatmap"}], "layout": {"template": {"data": {"histogram2dcontour": [{"type": "histogram2dcontour", "colorbar": {"outlinewidth": 0, "ticks": ""}, "colorscale": [[0.0, "#0d0887"], [0.1111111111111111, "#46039f"], [0.2222222222222222, "#7201a8"], [0.3333333333333333, "#9c179e"], [0.4444444444444444, "#bd3786"], [0.5555555555555556, "#d8576b"], [0.6666666666666666, "#ed7953"], [0.7777777777777778, "#fb9f3a"], [0.8888888888888888, "#fdca26"], [1.0, "#f0f921"]]}], "choropleth": [{"type": "choropleth", "colorbar": {"outlinewidth": 0, "ticks": ""}}], "histogram2d": [{"type": "histogram2d", "colorbar": {"outlinewidth": 0, "ticks": ""}, "colorscale": [[0.0, "#0d0887"], [0.1111111111111111, "#46039f"], [0.2222222222222222, "#7201a8"], [0.3333333333333333, "#9c179e"], [0.4444444444444444, "#bd3786"], [0.5555555555555556, "#d8576b"], [0.6666666666666666, "#ed7953"], [0.7777777777777778, "#fb9f3a"], [0.8888888888888888, "#fdca26"], [1.0, "#f0f921"]]}], "heatmap": [{"type": "heatmap", "colorbar": {"outlinewidth": 0, "ticks": ""}, "colorscale": [[0.0, "#0d0887"], [0.1111111111111111, "#46039f"], [0.2222222222222222, "#7201a8"], [0.3333333333333333, "#9c179e"], [0.4444444444444444, "#bd3786"], [0.5555555555555556, "#d8576b"], [0.6666666666666666, "#ed7953"], [0.7777777777777778, "#fb9f3a"], [0.8888888888888888, "#fdca26"], [1.0, "#f0f921"]]}], "heatmapgl": [{"type": "heatmapgl", "colorbar": {"outlinewidth": 0, "ticks": ""}, "colorscale": [[0.0, "#0d0887"], [0.1111111111111111, "#46039f"], [0.2222222222222222, "#7201a8"], [0.3333333333333333, "#9c179e"], [0.4444444444444444, "#bd3786"], [0.5555555555555556, "#d8576b"], [0.6666666666666666, "#ed7953"], [0.7777777777777778, "#fb9f3a"], [0.8888888888888888, "#fdca26"], [1.0, "#f0f921"]]}], "contourcarpet": [{"type": "contourcarpet", "colorbar": {"outlinewidth": 0, "ticks": ""}}], "contour": [{"type": "contour", "colorbar": {"outlinewidth": 0, "ticks": ""}, "colorscale": [[0.0, "#0d0887"], [0.1111111111111111, "#46039f"], [0.2222222222222222, "#7201a8"], [0.3333333333333333, "#9c179e"], [0.4444444444444444, "#bd3786"], [0.5555555555555556, "#d8576b"], [0.6666666666666666, "#ed7953"], [0.7777777777777778, "#fb9f3a"], [0.8888888888888888, "#fdca26"], [1.0, "#f0f921"]]}], "surface": [{"type": "surface", "colorbar": {"outlinewidth": 0, "ticks": ""}, "colorscale": [[0.0, "#0d0887"], [0.1111111111111111, "#46039f"], [0.2222222222222222, "#7201a8"], [0.3333333333333333, "#9c179e"], [0.4444444444444444, "#bd3786"], [0.5555555555555556, "#d8576b"], [0.6666666666666666, "#ed7953"], [0.7777777777777778, "#fb9f3a"], [0.8888888888888888, "#fdca26"], [1.0, "#f0f921"]]}], "mesh3d": [{"type": "mesh3d", "colorbar": {"outlinewidth": 0, "ticks": ""}}], "scatter": [{"fillpattern": {"fillmode": "overlay", "size": 10, "solidity": 0.2}, "type": "scatter"}], "parcoords": [{"type": "parcoords", "line": {"colorbar": {"outlinewidth": 0, "ticks": ""}}}], "scatterpolargl": [{"type": "scatterpolargl", "marker": {"colorbar": {"outlinewidth": 0, "ticks": ""}}}], "bar": [{"error_x": {"color": "#2a3f5f"}, "error_y": {"color": "#2a3f5f"}, "marker": {"line": {"color": "#E5ECF6", "width": 0.5}, "pattern": {"fillmode": "overlay", "size": 10, "solidity": 0.2}}, "type": "bar"}], "scattergeo": [{"type": "scattergeo", "marker": {"colorbar": {"outlinewidth": 0, "ticks": ""}}}], "scatterpolar": [{"type": "scatterpolar", "marker": {"colorbar": {"outlinewidth": 0, "ticks": ""}}}], "histogram": [{"marker": {"pattern": {"fillmode": "overlay", "size": 10, "solidity": 0.2}}, "type": "histogram"}], "scattergl": [{"type": "scattergl", "marker": {"colorbar": {"outlinewidth": 0, "ticks": ""}}}], "scatter3d": [{"type": "scatter3d", "line": {"colorbar": {"outlinewidth": 0, "ticks": ""}}, "marker": {"colorbar": {"outlinewidth": 0, "ticks": ""}}}], "scattermapbox": [{"type": "scattermapbox", "marker": {"colorbar": {"outlinewidth": 0, "ticks": ""}}}], "scatterternary": [{"type": "scatterternary", "marker": {"colorbar": {"outlinewidth": 0, "ticks": ""}}}], "scattercarpet": [{"type": "scattercarpet", "marker": {"colorbar": {"outlinewidth": 0, "ticks": ""}}}], "carpet": [{"aaxis": {"endlinecolor": "#2a3f5f", "gridcolor": "white", "linecolor": "white", "minorgridcolor": "white", "startlinecolor": "#2a3f5f"}, "baxis": {"endlinecolor": "#2a3f5f", "gridcolor": "white", "linecolor": "white", "minorgridcolor": "white", "startlinecolor": "#2a3f5f"}, "type": "carpet"}], "table": [{"cells": {"fill": {"color": "#EBF0F8"},