{"data": [{"colorscale": [[0.0, "#440154"], [0.1111111111111111, "#482878"], [0.2222222222222222, "#3e4989"], [0.3333333333333333, "#31688e"], [0.4444444444444444, "#26828e"], [0.5555555555555556, "#1f9e89"], [0.6666666666666666, "#35b779"], [0.7777777777777778, "#6ece58"], [0.8888888888888888, "#b5de2b"], [1.0, "#fde725"]], "z": [[1.0, 0.0, 0.0, 0.0, 0.0, 0.0, 0.0, 0.0, 0.0, 0.0, 0.0, 0.0, 0.0, 0.0, 0.0], [0.5319846272468567, 0.4680153727531433, 0.0, 0.0, 0.0, 0.0, 0.0, 0.0, 0.0, 0.0, 0.0, 0.0, 0.0, 0.0, 0.0], [0.3157281279563904, 0.3481413722038269, 0.33613044023513794, 0.0, 0.0, 0.0, 0.0, 0.0, 0.0, 0.0, 0.0, 0.0, 0.0, 0.0, 0.0], [0.24783769249916077, 0.24927681684494019, 0.24875883758068085, 0.25412672758102417, 0.0, 0.0, 0.0, 0.0, 0.0, 0.0, 0.0, 0.0, 0.0, 0.0, 0.0], [0.19227682054042816, 0.19737504422664642, 0.19552810490131378, 0.21533606946468353, 0.19948390126228333, 0.0, 0.0, 0.0, 0.0, 0.0, 0.0, 0.0, 0.0, 0.0, 0.0], [0.1699002981185913, 0.16827233135700226, 0.16885538399219513, 0.16296587884426117, 0.16761566698551178, 0.16239042580127716, 0.0, 0.0, 0.0, 0.0, 0.0, 0.0, 0.0, 0.0, 0.0], [0.14285647869110107, 0.14285680651664734, 0.1428566873073578, 0.1428578644990921, 0.14285694062709808, 0.14285798370838165, 0.14285717904567719, 0.0, 0.0, 0.0, 0.0, 0.0, 0.0, 0.0, 0.0], [0.12505222856998444, 0.12503038346767426, 0.1250382363796234, 0.12495773285627365, 0.12502151727676392, 0.12494970858097076, 0.1250045746564865, 0.12494560331106186, 0.0, 0.0, 0.0, 0.0, 0.0, 0.0, 0.0], [0.0866493508219719, 0.09622788429260254, 0.09267057478427887, 0.13641004264354706, 0.10041380673646927, 0.14176733791828156, 0.10892564803361893, 0.14459332823753357, 0.09234201908111572, 0.0, 0.0, 0.0, 0.0, 0.0, 0.0], [0.1292145699262619, 0.11355218291282654, 0.1189475879073143, 0.07386486232280731, 0.10774724185466766, 0.07044023275375366, 0.09746728092432022, 0.06874751299619675, 0.11946935951709747, 0.1005491241812706, 0.0, 0.0, 0.0, 0.0, 0.0], [0.07408767938613892, 0.08141884207725525, 0.07870510220527649, 0.11145652830600739, 0.0845993310213089, 0.11538815498352051, 0.0910264402627945, 0.11745607852935791, 0.07845393568277359, 0.08898051828145981, 0.07842729985713959, 0.0, 0.0, 0.0, 0.0], [0.08360632508993149, 0.08348745852708817, 0.08353014290332794, 0.0830930694937706, 0.08343923091888428, 0.08304964751005173, 0.08334715664386749, 0.08302740752696991, 0.08353416621685028, 0.0833757296204567, 0.0835345983505249, 0.0829751119017601, 0.0, 0.0, 0.0], [0.072747141122818, 0.0745445042848587, 0.07389373332262039, 0.08085224032402039, 0.07528705149888992, 0.0815805047750473, 0.07672658562660217, 0.08195619285106659, 0.073832668364048, 0.0762767568230629, 0.07382617890834808, 0.08284682035446167, 0.07562973350286484, 0.0, 0.0], [0.06845444440841675, 0.0696166455745697, 0.06919685751199722, 0.07362852245569229, 0.07009424269199371, 0.07408535480499268, 0.07101599872112274, 0.07432051748037338, 0.06915740668773651, 0.07072854787111282, 0.06915321946144104, 0.07487668097019196, 0.07031416147947311, 0.07535737007856369, 0.0], [0.058779358863830566, 0.06182761490345001, 0.0607147254049778, 0.07315752655267715, 0.06311023235321045, 0.07452917098999023, 0.06563559174537659, 0.07524190843105316, 0.060610830783843994, 0.06484095752239227, 0.06059980019927025, 0.07694559544324875, 0.06370674818754196, 0.07843862473964691, 0.061861321330070496]], "type": "heatmap"}], "layout": {"template": {"data": {"histogram2dcontour": [{"type": "histogram2dcontour", "colorbar": {"outlinewidth": 0, "ticks": ""}, "colorscale": [[0.0, "#0d0887"], [0.1111111111111111, "#46039f"], [0.2222222222222222, "#7201a8"], [0.3333333333333333, "#9c179e"], [0.4444444444444444, "#bd3786"], [0.5555555555555556, "#d8576b"], [0.6666666666666666, "#ed7953"], [0.7777777777777778, "#fb9f3a"], [0.8888888888888888, "#fdca26"], [1.0, "#f0f921"]]}], "choropleth": [{"type": "choropleth", "colorbar": {"outlinewidth": 0, "ticks": ""}}], "histogram2d": [{"type": "histogram2d", "colorbar": {"outlinewidth": 0, "ticks": ""}, "colorscale": [[0.0, "#0d0887"], [0.1111111111111111, "#46039f"], [0.2222222222222222, "#7201a8"], [0.3333333333333333, "#9c179e"], [0.4444444444444444, "#bd3786"], [0.5555555555555556, "#d8576b"], [0.6666666666666666, "#ed7953"], [0.7777777777777778, "#fb9f3a"], [0.8888888888888888, "#fdca26"], [1.0, "#f0f921"]]}], "heatmap": [{"type": "heatmap", "colorbar": {"outlinewidth": 0, "ticks": ""}, "colorscale": [[0.0, "#0d0887"], [0.1111111111111111, "#46039f"], [0.2222222222222222, "#7201a8"], [0.3333333333333333, "#9c179e"], [0.4444444444444444, "#bd3786"], [0.5555555555555556, "#d8576b"], [0.6666666666666666, "#ed7953"], [0.7777777777777778, "#fb9f3a"], [0.8888888888888888, "#fdca26"], [1.0, "#f0f921"]]}], "heatmapgl": [{"type": "heatmapgl", "colorbar": {"outlinewidth": 0, "ticks": ""}, "colorscale": [[0.0, "#0d0887"], [0.1111111111111111, "#46039f"], [0.2222222222222222, "#7201a8"], [0.3333333333333333, "#9c179e"], [0.4444444444444444, "#bd3786"], [0.5555555555555556, "#d8576b"], [0.6666666666666666, "#ed7953"], [0.7777777777777778, "#fb9f3a"], [0.8888888888888888, "#fdca26"], [1.0, "#f0f921"]]}], "contourcarpet": [{"type": "contourcarpet", "colorbar": {"outlinewidth": 0, "ticks": ""}}], "contour": [{"type": "contour", "colorbar": {"outlinewidth": 0, "ticks": ""}, "colorscale": [[0.0, "#0d0887"], [0.1111111111111111, "#46039f"], [0.2222222222222222, "#7201a8"], [0.3333333333333333, "#9c179e"], [0.4444444444444444, "#bd3786"], [0.5555555555555556, "#d8576b"], [0.6666666666666666, "#ed7953"], [0.7777777777777778, "#fb9f3a"], [0.8888888888888888, "#fdca26"], [1.0, "#f0f921"]]}], "surface": [{"type": "surface", "colorbar": {"outlinewidth": 0, "ticks": ""}, "colorscale": [[0.0, "#0d0887"], [0.1111111111111111, "#46039f"], [0.2222222222222222, "#7201a8"], [0.3333333333333333, "#9c179e"], [0.4444444444444444, "#bd3786"], [0.5555555555555556, "#d8576b"], [0.6666666666666666, "#ed7953"], [0.7777777777777778, "#fb9f3a"], [0.8888888888888888, "#fdca26"], [1.0, "#f0f921"]]}], "mesh3d": [{"type": "mesh3d", "colorbar": {"outlinewidth": 0, "ticks": ""}}], "scatter": [{"fillpattern": {"fillmode": "overlay", "size": 10, "solidity": 0.2}, "type": "scatter"}], "parcoords": [{"type": "parcoords", "line": {"colorbar": {"outlinewidth": 0, "ticks": ""}}}], "scatterpolargl": [{"type": "scatterpolargl", "marker": {"colorbar": {"outlinewidth": 0, "ticks": ""}}}], "bar": [{"error_x": {"color": "#2a3f5f"}, "error_y": {"color": "#2a3f5f"}, "marker": {"line": {"color": "#E5ECF6", "width": 0.5}, "pattern": {"fillmode": "overlay", "size": 10, "solidity": 0.2}}, "type": "bar"}], "scattergeo": [{"type": "scattergeo", "marker": {"colorbar": {"outlinewidth": 0, "ticks": ""}}}], "scatterpolar": [{"type": "scatterpolar", "marker": {"colorbar": {"outlinewidth": 0, "ticks": ""}}}], "histogram": [{"marker": {"pattern": {"fillmode": "overlay", "size": 10, "solidity": 0.2}}, "type": "histogram"}], "scattergl": [{"type": "scattergl", "marker": {"colorbar": {"outlinewidth": 0, "ticks": ""}}}], "scatter3d": [{"type": "scatter3d", "line": {"colorbar": {"outlinewidth": 0, "ticks": ""}}, "marker": {"colorbar": {"outlinewidth": 0, "ticks": ""}}}], "scattermapbox": [{"type": "scattermapbox", "marker": {"colorbar": {"outlinewidth": 0, "ticks": ""}}}], "scatterternary": [{"type": "scatterternary", "marker": {"colorbar": {"outlinewidth": 0, "ticks": ""}}}], "scattercarpet": [{"type": "scattercarpet", "marker": {"colorbar": {"outlinewidth": 0, "ticks": ""}}}], "carpet": [{"aaxis": {"endlinecolor": "#2a3f5f", "gridcolor": "white", "linecolor": "white", "minorgridcolor": "white", "startlinecolor": "#2a3f5f"}, "baxis": {"endlinecolor": "#2a3f5f", "gridcolor": "white", "linecolor": "white", "minorgridcolor": "white", "startlinecolor": "#2a3f5f"}, "type": "carpet"}], "table": [{"cells": {"fill": {"color": "#EBF0F8"}, "line": {"color": "white"}}, "header": {"fill": {"color": "#C8D4E3"}, "line": {"color": "white"}}, "type": "table"}],