{"data": [{"colorscale": [[0.0, "#440154"], [0.1111111111111111, "#482878"], [0.2222222222222222, "#3e4989"], [0.3333333333333333, "#31688e"], [0.4444444444444444, "#26828e"], [0.5555555555555556, "#1f9e89"], [0.6666666666666666, "#35b779"], [0.7777777777777778, "#6ece58"], [0.8888888888888888, "#b5de2b"], [1.0, "#fde725"]], "z": [[1.0, 0.0, 0.0, 0.0, 0.0, 0.0, 0.0, 0.0, 0.0, 0.0, 0.0, 0.0, 0.0, 0.0, 0.0], [0.46142104268074036, 0.5385789275169373, 0.0, 0.0, 0.0, 0.0, 0.0, 0.0, 0.0, 0.0, 0.0, 0.0, 0.0, 0.0, 0.0], [0.30777451395988464, 0.3393058478832245, 0.35291966795921326, 0.0, 0.0, 0.0, 0.0, 0.0, 0.0, 0.0, 0.0, 0.0, 0.0, 0.0, 0.0], [0.22317761182785034, 0.2548718750476837, 0.26889485120773315, 0.25305572152137756, 0.0, 0.0, 0.0, 0.0, 0.0, 0.0, 0.0, 0.0, 0.0, 0.0, 0.0], [0.18292658030986786, 0.2004684954881668, 0.20801100134849548, 0.19948233664035797, 0.20911157131195068, 0.0, 0.0, 0.0, 0.0, 0.0, 0.0, 0.0, 0.0, 0.0, 0.0], [0.1472998559474945, 0.1672583371400833, 0.17605391144752502, 0.16611766815185547, 0.1773478090763092, 0.1659224033355713, 0.0, 0.0, 0.0, 0.0, 0.0, 0.0, 0.0, 0.0, 0.0], [0.130662202835083, 0.14242684841156006, 0.1474664807319641, 0.14176711440086365, 0.14820094406604767, 0.14165402948856354, 0.14782236516475677, 0.0, 0.0, 0.0, 0.0, 0.0, 0.0, 0.0, 0.0], [0.11038125306367874, 0.12481581419706345, 0.13115867972373962, 0.1239924430847168, 0.13209088146686554, 0.1238514855504036, 0.13161012530326843, 0.12209945172071457, 0.0, 0.0, 0.0, 0.0, 0.0, 0.0, 0.0], [0.08911162614822388, 0.11231362074613571, 0.12330091744661331, 0.1109226644039154, 0.1249561607837677, 0.11068534106016159, 0.12410121411085129, 0.10775556415319443, 0.09685294330120087, 0.0, 0.0, 0.0, 0.0, 0.0, 0.0], [0.08679632097482681, 0.1017255112528801, 0.10845032334327698, 0.10085974633693695, 0.10944677889347076, 0.10071168839931488, 0.10893262922763824, 0.09887561947107315, 0.09189990162849426, 0.09230142831802368, 0.0, 0.0, 0.0, 0.0, 0.0], [0.08304984867572784, 0.09147462248802185, 0.09510976076126099, 0.09099989384412766, 0.09564080089330673, 0.09091854095458984, 0.09536702930927277, 0.08990585803985596, 0.08598936349153519, 0.08621788024902344, 0.09532645344734192, 0.0, 0.0, 0.0, 0.0], [0.07468852400779724, 0.08399727195501328, 0.08807233721017838, 0.08346762508153915, 0.08867049962282181, 0.0833769291639328, 0.08836203813552856, 0.08224932104349136, 0.07791436463594437, 0.07816614955663681, 0.08831633627414703, 0.0827186107635498, 0.0, 0.0, 0.0], [0.07019783556461334, 0.07715119421482086, 0.0801469162106514, 0.07675977051258087, 0.0805843323469162, 0.07669269293546677, 0.0803588330745697, 0.07585754990577698, 0.07262567430734634, 0.07281433790922165, 0.0803254097700119, 0.07620538771152496, 0.0802801102399826, 0.0, 0.0], [0.06428341567516327, 0.07168217748403549, 0.07490203529596329, 0.07126286625862122, 0.07537374645471573, 0.07119104266166687, 0.07513052225112915, 0.07029762119054794, 0.06685454398393631, 0.06705490499734879, 0.07509448379278183, 0.07066955417394638, 0.0750456303358078, 0.0711575448513031, 0.0], [0.08269823342561722, 0.06818006932735443, 0.06307289004325867, 0.06889257580041885, 0.06237511709332466, 0.06901578605175018, 0.06273338943719864, 0.0705777108669281, 0.07714627683162689, 0.07673827558755875, 0.0627867579460144, 0.06992082297801971, 0.0628591999411583, 0.06907336413860321, 0.03392958268523216]], "type": "heatmap"}], "layout": {"template": {"data": {"histogram2dcontour": [{"type": "histogram2dcontour", "colorbar": {"outlinewidth": 0, "ticks": ""}, "colorscale": [[0.0, "#0d0887"], [0.1111111111111111, "#46039f"], [0.2222222222222222, "#7201a8"], [0.3333333333333333, "#9c179e"], [0.4444444444444444, "#bd3786"], [0.5555555555555556, "#d8576b"], [0.6666666666666666, "#ed7953"], [0.7777777777777778, "#fb9f3a"], [0.8888888888888888, "#fdca26"], [1.0, "#f0f921"]]}], "choropleth": [{"type": "choropleth", "colorbar": {"outlinewidth": 0, "ticks": ""}}], "histogram2d": [{"type": "histogram2d", "colorbar": {"outlinewidth": 0, "ticks": ""}, "colorscale": [[0.0, "#0d0887"], [0.1111111111111111, "#46039f"], [0.2222222222222222, "#7201a8"], [0.3333333333333333, "#9c179e"], [0.4444444444444444, "#bd3786"], [0.5555555555555556, "#d8576b"], [0.6666666666666666, "#ed7953"], [0.7777777777777778, "#fb9f3a"], [0.8888888888888888, "#fdca26"], [1.0, "#f0f921"]]}], "heatmap": [{"type": "heatmap", "colorbar": {"outlinewidth": 0, "ticks": ""}, "colorscale": [[0.0, "#0d0887"], [0.1111111111111111, "#46039f"], [0.2222222222222222, "#7201a8"], [0.3333333333333333, "#9c179e"], [0.4444444444444444, "#bd3786"], [0.5555555555555556, "#d8576b"], [0.6666666666666666, "#ed7953"], [0.7777777777777778, "#fb9f3a"], [0.8888888888888888, "#fdca26"], [1.0, "#f0f921"]]}], "heatmapgl": [{"type": "heatmapgl", "colorbar": {"outlinewidth": 0, "ticks": ""}, "colorscale": [[0.0, "#0d0887"], [0.1111111111111111, "#46039f"], [0.2222222222222222, "#7201a8"], [0.3333333333333333, "#9c179e"], [0.4444444444444444, "#bd3786"], [0.5555555555555556, "#d8576b"], [0.6666666666666666, "#ed7953"], [0.7777777777777778, "#fb9f3a"], [0.8888888888888888, "#fdca26"], [1.0, "#f0f921"]]}], "contourcarpet": [{"type": "contourcarpet", "colorbar": {"outlinewidth": 0, "ticks": ""}}], "contour": [{"type": "contour", "colorbar": {"outlinewidth": 0, "ticks": ""}, "colorscale": [[0.0, "#0d0887"], [0.1111111111111111, "#46039f"], [0.2222222222222222, "#7201a8"], [0.3333333333333333, "#9c179e"], [0.4444444444444444, "#bd3786"], [0.5555555555555556, "#d8576b"], [0.6666666666666666, "#ed7953"], [0.7777777777777778, "#fb9f3a"], [0.8888888888888888, "#fdca26"], [1.0, "#f0f921"]]}], "surface": [{"type": "surface", "colorbar": {"outlinewidth": 0, "ticks": ""}, "colorscale": [[0.0, "#0d0887"], [0.1111111111111111, "#46039f"], [0.2222222222222222, "#7201a8"], [0.3333333333333333, "#9c179e"], [0.4444444444444444, "#bd3786"], [0.5555555555555556, "#d8576b"], [0.6666666666666666, "#ed7953"], [0.7777777777777778, "#fb9f3a"], [0.8888888888888888, "#fdca26"], [1.0, "#f0f921"]]}], "mesh3d": [{"type": "mesh3d", "colorbar": {"outlinewidth": 0, "ticks": ""}}], "scatter": [{"fillpattern": {"fillmode": "overlay", "size": 10, "solidity": 0.2}, "type": "scatter"}], "parcoords": [{"type": "parcoords", "line": {"colorbar": {"outlinewidth": 0, "ticks": ""}}}], "scatterpolargl": [{"type": "scatterpolargl", "marker": {"colorbar": {"outlinewidth": 0, "ticks": ""}}}], "bar": [{"error_x": {"color": "#2a3f5f"}, "error_y": {"color": "#2a3f5f"}, "marker": {"line": {"color": "#E5ECF6", "width": 0.5}, "pattern": {"fillmode": "overlay", "size": 10, "solidity": 0.2}}, "type": "bar"}], "scattergeo": [{"type": "scattergeo", "marker": {"colorbar": {"outlinewidth": 0, "ticks": ""}}}], "scatterpolar": [{"type": "scatterpolar", "marker": {"colorbar": {"outlinewidth": 0, "ticks": ""}}}], "histogram": [{"marker": {"pattern": {"fillmode": "overlay", "size": 10, "solidity": 0.2}}, "type": "histogram"}], "scattergl": [{"type": "scattergl", "marker": {"colorbar": {"outlinewidth": 0, "ticks": ""}}}], "scatter3d": [{"type": "scatter3d", "line": {"colorbar": {"outlinewidth": 0, "ticks": ""}}, "marker": {"colorbar": {"outlinewidth": 0, "ticks": ""}}}], "scattermapbox": [{"type": "scattermapbox", "marker": {"colorbar": {"outlinewidth": 0, "ticks": ""}}}], "scatterternary": [{"type": "scatterternary", "marker": {"colorbar": {"outlinewidth": 0, "ticks": ""}}}], "scattercarpet": [{"type": "scattercarpet", "marker": {"colorbar": {"outlinewidth": 0, "ticks": ""}}}], "carpet": [{"aaxis": {"endlinecolor": "#2a3f5f", "gridcolor": "white", "linecolor": "white", "minorgridcolor": "white", "startlinecolor": "#2a3f5f"}, "baxis": {"endlinecolor": "#2a3f5f", "gridcolor": "white", "linecolor": "white", "minorgridcolor": "white", "startlinecolor": "#2a3f5f"}, "type": "carpet"}], "table": [{"cells": {"fill": {"color": "#EBF0F8"}, "line": {"color": "white"}}, "header": {"fill": {"color": "#C8D4E3"}, "line": {"color": "white"}}, "type": "table"}],