{"data": [{"colorscale": [[0.0, "#440154"], [0.1111111111111111, "#482878"], [0.2222222222222222, "#3e4989"], [0.3333333333333333, "#31688e"], [0.4444444444444444, "#26828e"], [0.5555555555555556, "#1f9e89"], [0.6666666666666666, "#35b779"], [0.7777777777777778, "#6ece58"], [0.8888888888888888, "#b5de2b"], [1.0, "#fde725"]], "z": [[1.0, 0.0, 0.0, 0.0, 0.0, 0.0, 0.0, 0.0, 0.0, 0.0, 0.0, 0.0, 0.0, 0.0, 0.0], [0.44490283727645874, 0.5550971627235413, 0.0, 0.0, 0.0, 0.0, 0.0, 0.0, 0.0, 0.0, 0.0, 0.0, 0.0, 0.0, 0.0], [0.4979187846183777, 0.3381667137145996, 0.1639145463705063, 0.0, 0.0, 0.0, 0.0, 0.0, 0.0, 0.0, 0.0, 0.0, 0.0, 0.0, 0.0], [0.4206024408340454, 0.28871801495552063, 0.14276659488677979, 0.14791281521320343, 0.0, 0.0, 0.0, 0.0, 0.0, 0.0, 0.0, 0.0, 0.0, 0.0, 0.0], [0.3775099813938141, 0.25618216395378113, 0.12398726493120193, 0.12859533727169037, 0.11372517794370651, 0.0, 0.0, 0.0, 0.0, 0.0, 0.0, 0.0, 0.0, 0.0, 0.0], [0.32712313532829285, 0.22440896928310394, 0.11083618551492691, 0.11483824253082275, 0.10190846025943756, 0.12088499963283539, 0.0, 0.0, 0.0, 0.0, 0.0, 0.0, 0.0, 0.0, 0.0], [0.3024957478046417, 0.20551560819149017, 0.09968236088752747, 0.10337580740451813, 0.0914556086063385, 0.1089625284075737, 0.08851233869791031, 0.0, 0.0, 0.0, 0.0, 0.0, 0.0, 0.0, 0.0], [0.27239859104156494, 0.1869194060564041, 0.092367984354496, 0.0957006886601448, 0.08493310958147049, 0.10073595494031906, 0.08226903527975082, 0.08467524498701096, 0.0, 0.0, 0.0, 0.0, 0.0, 0.0, 0.0], [0.1611228734254837, 0.14080536365509033, 0.10940775275230408, 0.11080460250377655, 0.10617052018642426, 0.11285699158906937, 0.10496634244918823, 0.10605502873659134, 0.04781050607562065, 0.0, 0.0, 0.0, 0.0, 0.0, 0.0], [0.058063115924596786, 0.06825092434883118, 0.09236849099397659, 0.09097368270158768, 0.09575656056404114, 0.08899302780628204, 0.09707557410001755, 0.0958816409111023, 0.24930092692375183, 0.06333617120981216, 0.0, 0.0, 0.0, 0.0, 0.0], [0.21009370684623718, 0.14259563386440277, 0.06903521716594696, 0.0715998187661171, 0.0633237212896347, 0.07547950744628906, 0.061280641704797745, 0.06312587857246399, 0.006388157606124878, 0.17057418823242188, 0.0665035992860794, 0.0, 0.0, 0.0, 0.0], [0.1949680894613266, 0.1335241198539734, 0.06573998928070068, 0.06812453269958496, 0.06042199209332466, 0.07172808051109314, 0.05851701647043228, 0.060237590223550797, 0.006428432650864124, 0.159060537815094, 0.06338410079479218, 0.05786549299955368, 0.0, 0.0, 0.0], [0.1853390485048294, 0.12602820992469788, 0.06122710555791855, 0.06349053978919983, 0.05618487671017647, 0.06691385805606842, 0.05438067764043808, 0.0560101754963398, 0.005730707198381424, 0.1506265252828598, 0.058992400765419006, 0.053763870149850845, 0.0613120011985302, 0.0, 0.0], [0.17493537068367004, 0.11978132277727127, 0.05895225703716278, 0.06109171360731125, 0.054180994629859924, 0.06432496011257172, 0.05247192084789276, 0.05401555448770523, 0.00575778866186738, 0.14270232617855072, 0.05683854967355728, 0.05188740789890289, 0.05903252959251404, 0.04402727633714676, 0.0], [0.014501131139695644, 0.018999679014086723, 0.031505826860666275, 0.030714699998497963, 0.03346101567149162, 0.029605228453874588, 0.03423493355512619, 0.03353409096598625, 0.16561095416545868, 0.016768673434853554, 0.03233727812767029, 0.03450961410999298, 0.0314752571284771, 0.038800157606601715, 0.4539414346218109]], "type": "heatmap"}], "layout": {"template": {"data": {"histogram2dcontour": [{"type": "histogram2dcontour", "colorbar": {"outlinewidth": 0, "ticks": ""}, "colorscale": [[0.0, "#0d0887"], [0.1111111111111111, "#46039f"], [0.2222222222222222, "#7201a8"], [0.3333333333333333, "#9c179e"], [0.4444444444444444, "#bd3786"], [0.5555555555555556, "#d8576b"], [0.6666666666666666, "#ed7953"], [0.7777777777777778, "#fb9f3a"], [0.8888888888888888, "#fdca26"], [1.0, "#f0f921"]]}], "choropleth": [{"type": "choropleth", "colorbar": {"outlinewidth": 0, "ticks": ""}}], "histogram2d": [{"type": "histogram2d", "colorbar": {"outlinewidth": 0, "ticks": ""}, "colorscale": [[0.0, "#0d0887"], [0.1111111111111111, "#46039f"], [0.2222222222222222, "#7201a8"], [0.3333333333333333, "#9c179e"], [0.4444444444444444, "#bd3786"], [0.5555555555555556, "#d8576b"], [0.6666666666666666, "#ed7953"], [0.7777777777777778, "#fb9f3a"], [0.8888888888888888, "#fdca26"], [1.0, "#f0f921"]]}], "heatmap": [{"type": "heatmap", "colorbar": {"outlinewidth": 0, "ticks": ""}, "colorscale": [[0.0, "#0d0887"], [0.1111111111111111, "#46039f"], [0.2222222222222222, "#7201a8"], [0.3333333333333333, "#9c179e"], [0.4444444444444444, "#bd3786"], [0.5555555555555556, "#d8576b"], [0.6666666666666666, "#ed7953"], [0.7777777777777778, "#fb9f3a"], [0.8888888888888888, "#fdca26"], [1.0, "#f0f921"]]}], "heatmapgl": [{"type": "heatmapgl", "colorbar": {"outlinewidth": 0, "ticks": ""}, "colorscale": [[0.0, "#0d0887"], [0.1111111111111111, "#46039f"], [0.2222222222222222, "#7201a8"], [0.3333333333333333, "#9c179e"], [0.4444444444444444, "#bd3786"], [0.5555555555555556, "#d8576b"], [0.6666666666666666, "#ed7953"], [0.7777777777777778, "#fb9f3a"], [0.8888888888888888, "#fdca26"], [1.0, "#f0f921"]]}], "contourcarpet": [{"type": "contourcarpet", "colorbar": {"outlinewidth": 0, "ticks": ""}}], "contour": [{"type": "contour", "colorbar": {"outlinewidth": 0, "ticks": ""}, "colorscale": [[0.0, "#0d0887"], [0.1111111111111111, "#46039f"], [0.2222222222222222, "#7201a8"], [0.3333333333333333, "#9c179e"], [0.4444444444444444, "#bd3786"], [0.5555555555555556, "#d8576b"], [0.6666666666666666, "#ed7953"], [0.7777777777777778, "#fb9f3a"], [0.8888888888888888, "#fdca26"], [1.0, "#f0f921"]]}], "surface": [{"type": "surface", "colorbar": {"outlinewidth": 0, "ticks": ""}, "colorscale": [[0.0, "#0d0887"], [0.1111111111111111, "#46039f"], [0.2222222222222222, "#7201a8"], [0.3333333333333333, "#9c179e"], [0.4444444444444444, "#bd3786"], [0.5555555555555556, "#d8576b"], [0.6666666666666666, "#ed7953"], [0.7777777777777778, "#fb9f3a"], [0.8888888888888888, "#fdca26"], [1.0, "#f0f921"]]}], "mesh3d": [{"type": "mesh3d", "colorbar": {"outlinewidth": 0, "ticks": ""}}], "scatter": [{"fillpattern": {"fillmode": "overlay", "size": 10, "solidity": 0.2}, "type": "scatter"}], "parcoords": [{"type": "parcoords", "line": {"colorbar": {"outlinewidth": 0, "ticks": ""}}}], "scatterpolargl": [{"type": "scatterpolargl", "marker": {"colorbar": {"outlinewidth": 0, "ticks": ""}}}], "bar": [{"error_x": {"color": "#2a3f5f"}, "error_y": {"color": "#2a3f5f"}, "marker": {"line": {"color": "#E5ECF6", "width": 0.5}, "pattern": {"fillmode": "overlay", "size": 10, "solidity": 0.2}}, "type": "bar"}], "scattergeo": [{"type": "scattergeo", "marker": {"colorbar": {"outlinewidth": 0, "ticks": ""}}}], "scatterpolar": [{"type": "scatterpolar", "marker": {"colorbar": {"outlinewidth": 0, "ticks": ""}}}], "histogram": [{"marker": {"pattern": {"fillmode": "overlay", "size": 10, "solidity": 0.2}}, "type": "histogram"}], "scattergl": [{"type": "scattergl", "marker": {"colorbar": {"outlinewidth": 0, "ticks": ""}}}], "scatter3d": [{"type": "scatter3d", "line": {"colorbar": {"outlinewidth": 0, "ticks": ""}}, "marker": {"colorbar": {"outlinewidth": 0, "ticks": ""}}}], "scattermapbox": [{"type": "scattermapbox", "marker": {"colorbar": {"outlinewidth": 0, "ticks": ""}}}], "scatterternary": [{"type": "scatterternary", "marker": {"colorbar": {"outlinewidth": 0, "ticks": ""}}}], "scattercarpet": [{"type": "scattercarpet", "marker": {"colorbar": {"outlinewidth": 0, "ticks": ""}}}], "carpet": [{"aaxis": {"endlinecolor": "#2a3f5f", "gridcolor": "white", "linecolor": "white", "minorgridcolor": "white", "startlinecolor": "#2a3f5f"}, "baxis": {"endlinecolor": "#2a3f5f", "gridcolor": "white", "linecolor": "white", "minorgridcolor": "white", "startlinecolor": "#2a3f5f"}, "type": "carpet"}], "table": [{"cells": {"fill": {"color": "#EBF0F8"}, "line": {"color": "white"}}, "header": {"fill": {"color": "#C8D4E3"}, "line": {"color": "white"}}, "type": "table"}],