{"data": [{"colorscale": [[0.0, "#440154"], [0.1111111111111111, "#482878"], [0.2222222222222222, "#3e4989"], [0.3333333333333333, "#31688e"], [0.4444444444444444, "#26828e"], [0.5555555555555556, "#1f9e89"], [0.6666666666666666, "#35b779"], [0.7777777777777778, "#6ece58"], [0.8888888888888888, "#b5de2b"], [1.0, "#fde725"]], "z": [[1.0, 0.0, 0.0, 0.0, 0.0, 0.0, 0.0, 0.0, 0.0, 0.0, 0.0, 0.0, 0.0, 0.0, 0.0], [0.5126110315322876, 0.4873889982700348, 0.0, 0.0, 0.0, 0.0, 0.0, 0.0, 0.0, 0.0, 0.0, 0.0, 0.0, 0.0, 0.0], [0.3295031487941742, 0.3357698619365692, 0.33472689986228943, 0.0, 0.0, 0.0, 0.0, 0.0, 0.0, 0.0, 0.0, 0.0, 0.0, 0.0, 0.0], [0.24496181309223175, 0.25369954109191895, 0.2522355318069458, 0.24910317361354828, 0.0, 0.0, 0.0, 0.0, 0.0, 0.0, 0.0, 0.0, 0.0, 0.0, 0.0], [0.19738969206809998, 0.20231199264526367, 0.20149081945419312, 0.1997290700674057, 0.19907838106155396, 0.0, 0.0, 0.0, 0.0, 0.0, 0.0, 0.0, 0.0, 0.0, 0.0], [0.16457028687000275, 0.1683376431465149, 0.16770966351032257, 0.1663617044687271, 0.16586358845233917, 0.1671571135520935, 0.0, 0.0, 0.0, 0.0, 0.0, 0.0, 0.0, 0.0, 0.0], [0.14183057844638824, 0.14359720051288605, 0.1433039754629135, 0.14267289638519287, 0.1424390971660614, 0.1430455595254898, 0.14311063289642334, 0.0, 0.0, 0.0, 0.0, 0.0, 0.0, 0.0, 0.0], [0.12211848050355911, 0.12717819213867188, 0.1263284832239151, 0.12451309710741043, 0.12384519726037979, 0.12558290362358093, 0.12577033042907715, 0.12466325610876083, 0.0, 0.0, 0.0, 0.0, 0.0, 0.0, 0.0], [0.1083407774567604, 0.1158163771033287, 0.11454732716083527, 0.11185441166162491, 0.11086999624967575, 0.11343833059072495, 0.11371671408414841, 0.11207621544599533, 0.09933994710445404, 0.0, 0.0, 0.0, 0.0, 0.0, 0.0], [0.10127118974924088, 0.09834069013595581, 0.09881867468357086, 0.09985869377851486, 0.10024791955947876, 0.0992426723241806, 0.09913568198680878, 0.09977167844772339, 0.10521140694618225, 0.09810134768486023, 0.0, 0.0, 0.0, 0.0, 0.0], [0.08898645639419556, 0.09343249350786209, 0.09268331527709961, 0.09108611941337585, 0.09049966186285019, 0.09202679246664047, 0.09219175577163696, 0.09121804684400558, 0.08352185785770416, 0.0938112884759903, 0.09054215997457504, 0.0, 0.0, 0.0, 0.0], [0.08147051185369492, 0.08579077571630478, 0.08506191521883011, 0.08350919932126999, 0.08293949067592621, 0.0844234824180603, 0.08458387106657028, 0.08363740146160126, 0.07617823034524918, 0.08615943044424057, 0.08298076689243317, 0.08326499164104462, 0.0, 0.0, 0.0], [0.07703337073326111, 0.07678737491369247, 0.07682793587446213, 0.07691559940576553, 0.07694820314645767, 0.07686378061771393, 0.07685474306344986, 0.07690829783678055, 0.0773543119430542, 0.07676699757575989, 0.07694583386182785, 0.07692954689264297, 0.07686398178339005, 0.0, 0.0], [0.0694907009601593, 0.07394895702600479, 0.07319354265928268, 0.0715886652469635, 0.071001335978508, 0.07253293693065643, 0.07269880175590515, 0.07172094285488129, 0.06409481912851334, 0.07433153688907623, 0.07104386389255524, 0.07133680582046509, 0.0725291296839714, 0.07048805058002472, 0.0], [0.06545098125934601, 0.0693567544221878, 0.06869610399007797, 0.0672910138964653, 0.06677626073360443, 0.06811798363924026, 0.06826318055391312, 0.06740690767765045, 0.06070084497332573, 0.06969116628170013, 0.06681354343891144, 0.06707031279802322, 0.06811465322971344, 0.06632617115974426, 0.059924107044935226]], "type": "heatmap"}], "layout": {"template": {"data": {"histogram2dcontour": [{"type": "histogram2dcontour", "colorbar": {"outlinewidth": 0, "ticks": ""}, "colorscale": [[0.0, "#0d0887"], [0.1111111111111111, "#46039f"], [0.2222222222222222, "#7201a8"], [0.3333333333333333, "#9c179e"], [0.4444444444444444, "#bd3786"], [0.5555555555555556, "#d8576b"], [0.6666666666666666, "#ed7953"], [0.7777777777777778, "#fb9f3a"], [0.8888888888888888, "#fdca26"], [1.0, "#f0f921"]]}], "choropleth": [{"type": "choropleth", "colorbar": {"outlinewidth": 0, "ticks": ""}}], "histogram2d": [{"type": "histogram2d", "colorbar": {"outlinewidth": 0, "ticks": ""}, "colorscale": [[0.0, "#0d0887"], [0.1111111111111111, "#46039f"], [0.2222222222222222, "#7201a8"], [0.3333333333333333, "#9c179e"], [0.4444444444444444, "#bd3786"], [0.5555555555555556, "#d8576b"], [0.6666666666666666, "#ed7953"], [0.7777777777777778, "#fb9f3a"], [0.8888888888888888, "#fdca26"], [1.0, "#f0f921"]]}], "heatmap": [{"type": "heatmap", "colorbar": {"outlinewidth": 0, "ticks": ""}, "colorscale": [[0.0, "#0d0887"], [0.1111111111111111, "#46039f"], [0.2222222222222222, "#7201a8"], [0.3333333333333333, "#9c179e"], [0.4444444444444444, "#bd3786"], [0.5555555555555556, "#d8576b"], [0.6666666666666666, "#ed7953"], [0.7777777777777778, "#fb9f3a"], [0.8888888888888888, "#fdca26"], [1.0, "#f0f921"]]}], "heatmapgl": [{"type": "heatmapgl", "colorbar": {"outlinewidth": 0, "ticks": ""}, "colorscale": [[0.0, "#0d0887"], [0.1111111111111111, "#46039f"], [0.2222222222222222, "#7201a8"], [0.3333333333333333, "#9c179e"], [0.4444444444444444, "#bd3786"], [0.5555555555555556, "#d8576b"], [0.6666666666666666, "#ed7953"], [0.7777777777777778, "#fb9f3a"], [0.8888888888888888, "#fdca26"], [1.0, "#f0f921"]]}], "contourcarpet": [{"type": "contourcarpet", "colorbar": {"outlinewidth": 0, "ticks": ""}}], "contour": [{"type": "contour", "colorbar": {"outlinewidth": 0, "ticks": ""}, "colorscale": [[0.0, "#0d0887"], [0.1111111111111111, "#46039f"], [0.2222222222222222, "#7201a8"], [0.3333333333333333, "#9c179e"], [0.4444444444444444, "#bd3786"], [0.5555555555555556, "#d8576b"], [0.6666666666666666, "#ed7953"], [0.7777777777777778, "#fb9f3a"], [0.8888888888888888, "#fdca26"], [1.0, "#f0f921"]]}], "surface": [{"type": "surface", "colorbar": {"outlinewidth": 0, "ticks": ""}, "colorscale": [[0.0, "#0d0887"], [0.1111111111111111, "#46039f"], [0.2222222222222222, "#7201a8"], [0.3333333333333333, "#9c179e"], [0.4444444444444444, "#bd3786"], [0.5555555555555556, "#d8576b"], [0.6666666666666666, "#ed7953"], [0.7777777777777778, "#fb9f3a"], [0.8888888888888888, "#fdca26"], [1.0, "#f0f921"]]}], "mesh3d": [{"type": "mesh3d", "colorbar": {"outlinewidth": 0, "ticks": ""}}], "scatter": [{"fillpattern": {"fillmode": "overlay", "size": 10, "solidity": 0.2}, "type": "scatter"}], "parcoords": [{"type": "parcoords", "line": {"colorbar": {"outlinewidth": 0, "ticks": ""}}}], "scatterpolargl": [{"type": "scatterpolargl", "marker": {"colorbar": {"outlinewidth": 0, "ticks": ""}}}], "bar": [{"error_x": {"color": "#2a3f5f"}, "error_y": {"color": "#2a3f5f"}, "marker": {"line": {"color": "#E5ECF6", "width": 0.5}, "pattern": {"fillmode": "overlay", "size": 10, "solidity": 0.2}}, "type": "bar"}], "scattergeo": [{"type": "scattergeo", "marker": {"colorbar": {"outlinewidth": 0, "ticks": ""}}}], "scatterpolar": [{"type": "scatterpolar", "marker": {"colorbar": {"outlinewidth": 0, "ticks": ""}}}], "histogram": [{"marker": {"pattern": {"fillmode": "overlay", "size": 10, "solidity": 0.2}}, "type": "histogram"}], "scattergl": [{"type": "scattergl", "marker": {"colorbar": {"outlinewidth": 0, "ticks": ""}}}], "scatter3d": [{"type": "scatter3d", "line": {"colorbar": {"outlinewidth": 0, "ticks": ""}}, "marker": {"colorbar": {"outlinewidth": 0, "ticks": ""}}}], "scattermapbox": [{"type": "scattermapbox", "marker": {"colorbar": {"outlinewidth": 0, "ticks": ""}}}], "scatterternary": [{"type": "scatterternary", "marker": {"colorbar": {"outlinewidth": 0, "ticks": ""}}}], "scattercarpet": [{"type": "scattercarpet", "marker": {"colorbar": {"outlinewidth": 0, "ticks": ""}}}], "carpet": [{"aaxis": {"endlinecolor": "#2a3f5f", "gridcolor": "white", "linecolor": "white", "minorgridcolor": "white", "startlinecolor": "#2a3f5f"}, "baxis": {"endlinecolor": "#2a3f5f", "gridcolor": "white", "linecolor": "white", "minorgridcolor": "white", "startlinecolor": "#2a3f5f"}, "type": "carpet"}], "table": [{"cells": {"fill": {"color": "#EBF0F8"}, "line": {"color": "white"}}, "header": {"fill": {"color": "#C8D4E3"}, "line": {"color": "white"}}, "type": "table"}],