{"epoch": 9, "loss": 0.012731821439228953, "macro_accuracy": 1.0, "micro_accuracy": 1.0, "auc": 1.0, "mAP": 1.0, "_timestamp": 1721382747.073183, "_runtime": 16.27451205253601, "_step": 10, "precision_recall_fscore": {"_type": "plotly-file", "sha256": "f5a82d7f531b4180a9f0a20bc54c24ee2fed24d6c6371315bfa8afa946bf115e", "size": 8134, "path": "media/plotly/precision_recall_fscore_10_f5a82d7f531b4180a9f0.plotly.json"}, "precision_recall_curve": {"_type": "plotly-file", "sha256": "9dc6b472a7c3b9d4a83c795fc94f5feed729a7692bac97f4b571b34260f5cd50", "size": 8336, "path": "media/plotly/precision_recall_curve_10_9dc6b472a7c3b9d4a83c.plotly.json"}, "_wandb": {"runtime": 17}}