{"data": [{"colorscale": [[0.0, "#440154"], [0.1111111111111111, "#482878"], [0.2222222222222222, "#3e4989"], [0.3333333333333333, "#31688e"], [0.4444444444444444, "#26828e"], [0.5555555555555556, "#1f9e89"], [0.6666666666666666, "#35b779"], [0.7777777777777778, "#6ece58"], [0.8888888888888888, "#b5de2b"], [1.0, "#fde725"]], "z": [[1.0, 0.0, 0.0, 0.0, 0.0, 0.0, 0.0, 0.0, 0.0, 0.0, 0.0, 0.0, 0.0, 0.0, 0.0, 0.0, 0.0], [0.5754812359809875, 0.42451873421669006, 0.0, 0.0, 0.0, 0.0, 0.0, 0.0, 0.0, 0.0, 0.0, 0.0, 0.0, 0.0, 0.0, 0.0, 0.0], [0.3842358887195587, 0.28964734077453613, 0.32611674070358276, 0.0, 0.0, 0.0, 0.0, 0.0, 0.0, 0.0, 0.0, 0.0, 0.0, 0.0, 0.0, 0.0, 0.0], [0.3092578053474426, 0.22625623643398285, 0.2579508423805237, 0.2065351903438568, 0.0, 0.0, 0.0, 0.0, 0.0, 0.0, 0.0, 0.0, 0.0, 0.0, 0.0, 0.0, 0.0], [0.23883838951587677, 0.18114884197711945, 0.2034369707107544, 0.16712020337581635, 0.20945557951927185, 0.0, 0.0, 0.0, 0.0, 0.0, 0.0, 0.0, 0.0, 0.0, 0.0, 0.0, 0.0], [0.20986774563789368, 0.1534942090511322, 0.17501884698867798, 0.14010240137577057, 0.18089431524276733, 0.14062237739562988, 0.0, 0.0, 0.0, 0.0, 0.0, 0.0, 0.0, 0.0, 0.0, 0.0, 0.0], [0.17420214414596558, 0.13245905935764313, 0.14859852194786072, 0.12229093909263611, 0.1529541313648224, 0.12268100678920746, 0.1468142420053482, 0.0, 0.0, 0.0, 0.0, 0.0, 0.0, 0.0, 0.0, 0.0, 0.0], [0.15676024556159973, 0.11492449790239334, 0.13091206550598145, 0.10497235506772995, 0.13527196645736694, 0.10535728186368942, 0.12913599610328674, 0.12266561388969421, 0.0, 0.0, 0.0, 0.0, 0.0, 0.0, 0.0, 0.0, 0.0], [0.1513170599937439, 0.11511608213186264, 0.12906330823898315, 0.10625516623258591, 0.13286101818084717, 0.10663352906703949, 0.1275458037853241, 0.12198912352323532, 0.009218906052410603, 0.0, 0.0, 0.0, 0.0, 0.0, 0.0, 0.0, 0.0], [0.14248250424861908, 0.1132294312119484, 0.12466660887002945, 0.10586333274841309, 0.12773795425891876, 0.10617130249738693, 0.12342693656682968, 0.11886566877365112, 0.01348425168544054, 0.024072011932730675, 0.0, 0.0, 0.0, 0.0, 0.0, 0.0, 0.0], [0.1345418095588684, 0.11122030019760132, 0.12042716890573502, 0.10518105328083038, 0.1228872612118721, 0.10544949769973755, 0.11944516748189926, 0.1158176138997078, 0.019265854731202126, 0.03117908537387848, 0.014585153199732304, 0.0, 0.0, 0.0, 0.0, 0.0, 0.0], [0.10002642124891281, 0.09476963430643082, 0.096925288438797, 0.09327027946710587, 0.09748634696006775, 0.09334547817707062, 0.0967051237821579, 0.09587655961513519, 0.05782909691333771, 0.06632950901985168, 0.05349898710846901, 0.05393719673156738, 0.0, 0.0, 0.0, 0.0, 0.0], [0.13256609439849854, 0.10218291729688644, 0.11397920548915863, 0.09471176564693451, 0.11715240031480789, 0.09500017762184143, 0.1126791313290596, 0.10791843384504318, 0.009055903181433678, 0.017423219978809357, 0.006136985495686531, 0.006209102459251881, 0.0849846750497818, 0.0, 0.0, 0.0, 0.0], [0.07434221357107162, 0.0736333578824997, 0.07394172996282578, 0.07343856245279312, 0.07401172816753387, 0.0734359472990036, 0.07390382140874863, 0.07376275956630707, 0.0667932853102684, 0.0683336853981018, 0.06566452234983444, 0.06534460186958313, 0.07312512397766113, 0.07026859372854233, 0.0, 0.0, 0.0], [0.11871711164712906, 0.09019432216882706, 0.10121794044971466, 0.08324909955263138, 0.10419460386037827, 0.0835166871547699, 0.0999997928738594, 0.09554700553417206, 0.006990974303334951, 0.013948898762464523, 0.004637180827558041, 0.004696026910096407, 0.07425248622894287, 0.030555523931980133, 0.08828229457139969, 0.0, 0.0], [0.04596530273556709, 0.04910542443394661, 0.047766901552677155, 0.05006561055779457, 0.04743320122361183, 0.05002240836620331, 0.04790353402495384, 0.048421744257211685, 0.09038027375936508, 0.07648640125989914, 0.09959542006254196, 0.09897520393133163, 0.051452841609716415, 0.0633602887392044, 0.04936591163277626, 0.08369950950145721, 0.0], [0.017471469938755035, 0.021214226260781288, 0.01955951191484928, 0.0224550012499094, 0.019161157310009003, 0.022398928180336952, 0.019724708050489426, 0.020359519869089127, 0.12753385305404663, 0.0781325250864029, 0.16972170770168304, 0.1668340116739273, 0.02433355338871479, 0.044938765466213226, 0.021545348688960075, 0.10183628648519516, 0.10277938842773438]], "type": "heatmap"}], "layout": {"template": {"data": {"histogram2dcontour": [{"type": "histogram2dcontour", "colorbar": {"outlinewidth": 0, "ticks": ""}, "colorscale": [[0.0, "#0d0887"], [0.1111111111111111, "#46039f"], [0.2222222222222222, "#7201a8"], [0.3333333333333333, "#9c179e"], [0.4444444444444444, "#bd3786"], [0.5555555555555556, "#d8576b"], [0.6666666666666666, "#ed7953"], [0.7777777777777778, "#fb9f3a"], [0.8888888888888888, "#fdca26"], [1.0, "#f0f921"]]}], "choropleth": [{"type": "choropleth", "colorbar": {"outlinewidth": 0, "ticks": ""}}], "histogram2d": [{"type": "histogram2d", "colorbar": {"outlinewidth": 0, "ticks": ""}, "colorscale": [[0.0, "#0d0887"], [0.1111111111111111, "#46039f"], [0.2222222222222222, "#7201a8"], [0.3333333333333333, "#9c179e"], [0.4444444444444444, "#bd3786"], [0.5555555555555556, "#d8576b"], [0.6666666666666666, "#ed7953"], [0.7777777777777778, "#fb9f3a"], [0.8888888888888888, "#fdca26"], [1.0, "#f0f921"]]}], "heatmap": [{"type": "heatmap", "colorbar": {"outlinewidth": 0, "ticks": ""}, "colorscale": [[0.0, "#0d0887"], [0.1111111111111111, "#46039f"], [0.2222222222222222, "#7201a8"], [0.3333333333333333, "#9c179e"], [0.4444444444444444, "#bd3786"], [0.5555555555555556, "#d8576b"], [0.6666666666666666, "#ed7953"], [0.7777777777777778, "#fb9f3a"], [0.8888888888888888, "#fdca26"], [1.0, "#f0f921"]]}], "heatmapgl": [{"type": "heatmapgl", "colorbar": {"outlinewidth": 0, "ticks": ""}, "colorscale": [[0.0, "#0d0887"], [0.1111111111111111, "#46039f"], [0.2222222222222222, "#7201a8"], [0.3333333333333333, "#9c179e"], [0.4444444444444444, "#bd3786"], [0.5555555555555556, "#d8576b"], [0.6666666666666666, "#ed7953"], [0.7777777777777778, "#fb9f3a"], [0.8888888888888888, "#fdca26"], [1.0, "#f0f921"]]}], "contourcarpet": [{"type": "contourcarpet", "colorbar": {"outlinewidth": 0, "ticks": ""}}], "contour": [{"type": "contour", "colorbar": {"outlinewidth": 0, "ticks": ""}, "colorscale": [[0.0, "#0d0887"], [0.1111111111111111, "#46039f"], [0.2222222222222222, "#7201a8"], [0.3333333333333333, "#9c179e"], [0.4444444444444444, "#bd3786"], [0.5555555555555556, "#d8576b"], [0.6666666666666666, "#ed7953"], [0.7777777777777778, "#fb9f3a"], [0.8888888888888888, "#fdca26"], [1.0, "#f0f921"]]}], "surface": [{"type": "surface", "colorbar": {"outlinewidth": 0, "ticks": ""}, "colorscale": [[0.0, "#0d0887"], [0.1111111111111111, "#46039f"], [0.2222222222222222, "#7201a8"], [0.3333333333333333, "#9c179e"], [0.4444444444444444, "#bd3786"], [0.5555555555555556, "#d8576b"], [0.6666666666666666, "#ed7953"], [0.7777777777777778, "#fb9f3a"], [0.8888888888888888, "#fdca26"], [1.0, "#f0f921"]]}], "mesh3d": [{"type": "mesh3d", "colorbar": {"outlinewidth": 0, "ticks": ""}}], "scatter": [{"fillpattern": {"fillmode": "overlay", "size": 10, "solidity": 0.2}, "type": "scatter"}], "parcoords": [{"type": "parcoords", "line": {"colorbar": {"outlinewidth": 0, "ticks": ""}}}], "scatterpolargl": [{"type": "scatterpolargl", "marker": {"colorbar": {"outlinewidth": 0, "ticks": ""}}}], "bar": [{"error_x": {"color": "#2a3f5f"}, "error_y": {"color": "#2a3f5f"}, "marker": {"line": {"color": "#E5ECF6", "width": 0.5}, "pattern": {"fillmode": "overlay", "size": 10, "solidity": 0.2}}, "type": "bar"}], "scattergeo": [{"type": "scattergeo", "marker": {"colorbar": {"outlinewidth": 0, "ticks": ""}}}], "scatterpolar": [{"type": "scatterpolar", "marker": {"colorbar": {"outlinewidth": 0, "ticks": ""}}}], "histogram": [{"marker": {"pattern": {"fillmode": "overlay", "size": 10, "solidity": 0.2}}, "type": "histogram"}], "scattergl": [{"type": "scattergl", "marker": {"colorbar": {"outlinewidth": 0, "ticks": ""}}}], "scatter3d": [{"type": "scatter3d", "line": {"colorbar": {"outlinewidth": 0, "ticks": ""}},