{"data": [{"colorscale": [[0.0, "#440154"], [0.1111111111111111, "#482878"], [0.2222222222222222, "#3e4989"], [0.3333333333333333, "#31688e"], [0.4444444444444444, "#26828e"], [0.5555555555555556, "#1f9e89"], [0.6666666666666666, "#35b779"], [0.7777777777777778, "#6ece58"], [0.8888888888888888, "#b5de2b"], [1.0, "#fde725"]], "z": [[1.0, 0.0, 0.0, 0.0, 0.0, 0.0, 0.0, 0.0, 0.0, 0.0, 0.0, 0.0, 0.0, 0.0, 0.0, 0.0, 0.0], [0.5012038946151733, 0.49879616498947144, 0.0, 0.0, 0.0, 0.0, 0.0, 0.0, 0.0, 0.0, 0.0, 0.0, 0.0, 0.0, 0.0, 0.0, 0.0], [0.33505192399024963, 0.33348265290260315, 0.331465482711792, 0.0, 0.0, 0.0, 0.0, 0.0, 0.0, 0.0, 0.0, 0.0, 0.0, 0.0, 0.0, 0.0, 0.0], [0.2586941719055176, 0.25718075037002563, 0.2551092207431793, 0.22901587188243866, 0.0, 0.0, 0.0, 0.0, 0.0, 0.0, 0.0, 0.0, 0.0, 0.0, 0.0, 0.0, 0.0], [0.20207229256629944, 0.2012295424938202, 0.2001836895942688, 0.18404072523117065, 0.21247370541095734, 0.0, 0.0, 0.0, 0.0, 0.0, 0.0, 0.0, 0.0, 0.0, 0.0, 0.0, 0.0], [0.16997094452381134, 0.16905879974365234, 0.16783002018928528, 0.15136900544166565, 0.18075448274612427, 0.16101676225662231, 0.0, 0.0, 0.0, 0.0, 0.0, 0.0, 0.0, 0.0, 0.0, 0.0, 0.0], [0.1429014652967453, 0.14233355224132538, 0.14164040982723236, 0.13053300976753235, 0.15004675090312958, 0.13696397840976715, 0.1555808037519455, 0.0, 0.0, 0.0, 0.0, 0.0, 0.0, 0.0, 0.0, 0.0, 0.0], [0.1255643516778946, 0.12496769428253174, 0.12418435513973236, 0.11275213956832886, 0.13302095234394073, 0.11940416693687439, 0.13887423276901245, 0.12123209238052368, 0.0, 0.0, 0.0, 0.0, 0.0, 0.0, 0.0, 0.0, 0.0], [0.11386920511722565, 0.11282546818256378, 0.1111324355006218, 0.09679929912090302, 0.12351119518280029, 0.10564257949590683, 0.13171958923339844, 0.1080082356929779, 0.09649211168289185, 0.0, 0.0, 0.0, 0.0, 0.0, 0.0, 0.0, 0.0], [0.10331597924232483, 0.10252855718135834, 0.10123284161090851, 0.09007690101861954, 0.11067534238100052, 0.09698142856359482, 0.11686002463102341, 0.09881596267223358, 0.0900471955537796, 0.08946573734283447, 0.0, 0.0, 0.0, 0.0, 0.0, 0.0, 0.0], [0.0930127501487732, 0.09224092960357666, 0.09095368534326553, 0.08100062608718872, 0.09954860806465149, 0.08727376163005829, 0.10513739287853241, 0.08891845494508743, 0.07936794310808182, 0.07908519357442856, 0.10346070677042007, 0.0, 0.0, 0.0, 0.0, 0.0, 0.0], [0.08150970935821533, 0.08121445775032043, 0.08064867556095123, 0.07678280770778656, 0.08388860523700714, 0.07932080328464508, 0.08589326590299606, 0.07996075600385666, 0.07549131661653519, 0.07548128813505173, 0.08441698551177979, 0.11539129912853241, 0.0, 0.0, 0.0, 0.0, 0.0], [0.07086300104856491, 0.07059057801961899, 0.07025856524705887, 0.06493318825960159, 0.07427965849637985, 0.06801851093769073, 0.07692234218120575, 0.06886376440525055, 0.06787797063589096, 0.06713290512561798, 0.08182426542043686, 0.1307288557291031, 0.08770640939474106, 0.0, 0.0, 0.0, 0.0], [0.07591298967599869, 0.07637426257133484, 0.0771905928850174, 0.08197757601737976, 0.07335013896226883, 0.07862742245197296, 0.07119137048721313, 0.07785654813051224, 0.086823970079422, 0.08640508353710175, 0.07610240578651428, 0.05143122002482414, 0.06329958140850067, 0.023456867784261703, 0.0, 0.0, 0.0], [0.04981498047709465, 0.049598388373851776, 0.049326758831739426, 0.04528193920850754, 0.052422523498535156, 0.04763801768422127, 0.05445922911167145, 0.04828193038702011, 0.047277774661779404, 0.046748533844947815, 0.05787370726466179, 0.09641403704881668, 0.06285246461629868, 0.23725083470344543, 0.05475885421037674, 0.0, 0.0], [0.07106103748083115, 0.07148667424917221, 0.07222199440002441, 0.07757993042469025, 0.06817257404327393, 0.07398393005132675, 0.06586497277021408, 0.07313067466020584, 0.08031873404979706, 0.08024284243583679, 0.06837958842515945, 0.04340149834752083, 0.05762165039777756, 0.01804845780134201, 0.06556139141321182, 0.012924033217132092, 0.0], [0.07357112318277359, 0.07419176399707794, 0.07523524016141891, 0.08457672595977783, 0.06869471818208694, 0.07845501601696014, 0.06501459330320358, 0.07699179649353027, 0.08618517965078354, 0.08652150630950928, 0.06593472510576248, 0.03176835551857948, 0.05260680615901947, 0.008064741268754005, 0.06452653557062149, 0.004685509484261274, 0.0029756720177829266]], "type": "heatmap"}], "layout": {"template": {"data": {"histogram2dcontour": [{"type": "histogram2dcontour", "colorbar": {"outlinewidth": 0, "ticks": ""}, "colorscale": [[0.0, "#0d0887"], [0.1111111111111111, "#46039f"], [0.2222222222222222, "#7201a8"], [0.3333333333333333, "#9c179e"], [0.4444444444444444, "#bd3786"], [0.5555555555555556, "#d8576b"], [0.6666666666666666, "#ed7953"], [0.7777777777777778, "#fb9f3a"], [0.8888888888888888, "#fdca26"], [1.0, "#f0f921"]]}], "choropleth": [{"type": "choropleth", "colorbar": {"outlinewidth": 0, "ticks": ""}}], "histogram2d": [{"type": "histogram2d", "colorbar": {"outlinewidth": 0, "ticks": ""}, "colorscale": [[0.0, "#0d0887"], [0.1111111111111111, "#46039f"], [0.2222222222222222, "#7201a8"], [0.3333333333333333, "#9c179e"], [0.4444444444444444, "#bd3786"], [0.5555555555555556, "#d8576b"], [0.6666666666666666, "#ed7953"], [0.7777777777777778, "#fb9f3a"], [0.8888888888888888, "#fdca26"], [1.0, "#f0f921"]]}], "heatmap": [{"type": "heatmap", "colorbar": {"outlinewidth": 0, "ticks": ""}, "colorscale": [[0.0, "#0d0887"], [0.1111111111111111, "#46039f"], [0.2222222222222222, "#7201a8"], [0.3333333333333333, "#9c179e"], [0.4444444444444444, "#bd3786"], [0.5555555555555556, "#d8576b"], [0.6666666666666666, "#ed7953"], [0.7777777777777778, "#fb9f3a"], [0.8888888888888888, "#fdca26"], [1.0, "#f0f921"]]}], "heatmapgl": [{"type": "heatmapgl", "colorbar": {"outlinewidth": 0, "ticks": ""}, "colorscale": [[0.0, "#0d0887"], [0.1111111111111111, "#46039f"], [0.2222222222222222, "#7201a8"], [0.3333333333333333, "#9c179e"], [0.4444444444444444, "#bd3786"], [0.5555555555555556, "#d8576b"], [0.6666666666666666, "#ed7953"], [0.7777777777777778, "#fb9f3a"], [0.8888888888888888, "#fdca26"], [1.0, "#f0f921"]]}], "contourcarpet": [{"type": "contourcarpet", "colorbar": {"outlinewidth": 0, "ticks": ""}}], "contour": [{"type": "contour", "colorbar": {"outlinewidth": 0, "ticks": ""}, "colorscale": [[0.0, "#0d0887"], [0.1111111111111111, "#46039f"], [0.2222222222222222, "#7201a8"], [0.3333333333333333, "#9c179e"], [0.4444444444444444, "#bd3786"], [0.5555555555555556, "#d8576b"], [0.6666666666666666, "#ed7953"], [0.7777777777777778, "#fb9f3a"], [0.8888888888888888, "#fdca26"], [1.0, "#f0f921"]]}], "surface": [{"type": "surface", "colorbar": {"outlinewidth": 0, "ticks": ""}, "colorscale": [[0.0, "#0d0887"], [0.1111111111111111, "#46039f"], [0.2222222222222222, "#7201a8"], [0.3333333333333333, "#9c179e"], [0.4444444444444444, "#bd3786"], [0.5555555555555556, "#d8576b"], [0.6666666666666666, "#ed7953"], [0.7777777777777778, "#fb9f3a"], [0.8888888888888888, "#fdca26"], [1.0, "#f0f921"]]}], "mesh3d": [{"type": "mesh3d", "colorbar": {"outlinewidth": 0, "ticks": ""}}], "scatter": [{"fillpattern": {"fillmode": "overlay", "size": 10, "solidity": 0.2}, "type": "scatter"}], "parcoords": [{"type": "parcoords", "line": {"colorbar": {"outlinewidth": 0, "ticks": ""}}}], "scatterpolargl": [{"type": "scatterpolargl", "marker": {"colorbar": {"outlinewidth": 0, "ticks": ""}}}], "bar": [{"error_x": {"color": "#2a3f5f"}, "error_y": {"color": "#2a3f5f"}, "marker": {"line": {"color": "#E5ECF6", "width": 0.5}, "pattern": {"fillmode": "overlay", "size": 10, "solidity": 0.2}}, "type": "bar"}], "scattergeo": [{"type": "scattergeo", "marker": {"colorbar": {"outlinewidth": 0, "ticks": ""}}}], "scatterpolar": [{"type": "scatterpolar", "marker": {"colorbar": {"outlinewidth": 0, "ticks": ""}}}], "histogram": [{"marker": {"pattern": {"fillmode": "overlay", "size": 10, "solidity": 0.2}}, "type": "histogram"}], "scattergl": [{"type": "scattergl", "marker": {"colorbar": {"outlinewidth": 0, "ticks": ""}}}], "scatter3d": [{"type": "scatter3d", "line": {"colorbar": {"outlinewidth": 0, "ticks": ""}},