{"data": [{"colorscale": [[0.0, "#440154"], [0.1111111111111111, "#482878"], [0.2222222222222222, "#3e4989"], [0.3333333333333333, "#31688e"], [0.4444444444444444, "#26828e"], [0.5555555555555556, "#1f9e89"], [0.6666666666666666, "#35b779"], [0.7777777777777778, "#6ece58"], [0.8888888888888888, "#b5de2b"], [1.0, "#fde725"]], "z": [[1.0, 0.0, 0.0, 0.0, 0.0, 0.0, 0.0, 0.0, 0.0, 0.0, 0.0, 0.0, 0.0, 0.0, 0.0, 0.0, 0.0], [0.7783404588699341, 0.2216595709323883, 0.0, 0.0, 0.0, 0.0, 0.0, 0.0, 0.0, 0.0, 0.0, 0.0, 0.0, 0.0, 0.0, 0.0, 0.0], [0.44229739904403687, 0.22965502738952637, 0.32804757356643677, 0.0, 0.0, 0.0, 0.0, 0.0, 0.0, 0.0, 0.0, 0.0, 0.0, 0.0, 0.0, 0.0, 0.0], [0.45048290491104126, 0.1394142210483551, 0.26372161507606506, 0.14638127386569977, 0.0, 0.0, 0.0, 0.0, 0.0, 0.0, 0.0, 0.0, 0.0, 0.0, 0.0, 0.0, 0.0], [0.2612224817276001, 0.1566428691148758, 0.2068944126367569, 0.15975704789161682, 0.2154831737279892, 0.0, 0.0, 0.0, 0.0, 0.0, 0.0, 0.0, 0.0, 0.0, 0.0, 0.0, 0.0], [0.33143872022628784, 0.0928274542093277, 0.18538102507591248, 0.09787978231906891, 0.20502634346485138, 0.0874466821551323, 0.0, 0.0, 0.0, 0.0, 0.0, 0.0, 0.0, 0.0, 0.0, 0.0, 0.0], [0.2337820827960968, 0.09948217123746872, 0.15833202004432678, 0.10297036916017532, 0.16943182051181793, 0.09550733119249344, 0.140494242310524, 0.0, 0.0, 0.0, 0.0, 0.0, 0.0, 0.0, 0.0, 0.0, 0.0], [0.27554619312286377, 0.07109659165143967, 0.14845842123031616, 0.07522264868021011, 0.16526012122631073, 0.06671809405088425, 0.12280888110399246, 0.07488897442817688, 0.0, 0.0, 0.0, 0.0, 0.0, 0.0, 0.0, 0.0, 0.0], [0.12723363935947418, 0.10762479901313782, 0.11787693947553635, 0.10870300978422165, 0.11940287798643112, 0.10697086155414581, 0.11509408801794052, 0.1083277240395546, 0.08876601606607437, 0.0, 0.0, 0.0, 0.0, 0.0, 0.0, 0.0, 0.0], [0.2751527726650238, 0.06643295288085938, 0.14379973709583282, 0.07078734040260315, 0.16082949936389923, 0.062305837869644165, 0.11778051406145096, 0.07015185803174973, 0.014649131335318089, 0.018110366538167, 0.0, 0.0, 0.0, 0.0, 0.0, 0.0, 0.0], [0.005933597683906555, 0.047761037945747375, 0.015370429493486881, 0.043614041060209274, 0.013038450852036476, 0.052549269050359726, 0.02059619128704071, 0.044072121381759644, 0.4345856308937073, 0.3196554481983185, 0.0028239029925316572, 0.0, 0.0, 0.0, 0.0, 0.0, 0.0], [0.17099474370479584, 0.055023111402988434, 0.10188725590705872, 0.057919200509786606, 0.11139533668756485, 0.05229800194501877, 0.08687940239906311, 0.05746645852923393, 0.01641152799129486, 0.01947108469903469, 0.25518515706062317, 0.015068716369569302, 0.0, 0.0, 0.0, 0.0, 0.0], [0.19089019298553467, 0.039883654564619064, 0.09341020882129669, 0.042608290910720825, 0.10572084039449692, 0.037077613174915314, 0.07501070946455002, 0.04235702008008957, 0.007699364796280861, 0.00963059812784195, 0.3349264860153198, 0.006826979573816061, 0.013958151452243328, 0.0, 0.0, 0.0, 0.0], [0.1633358895778656, 0.05323687195777893, 0.09792491048574448, 0.05579463392496109, 0.10700653493404388, 0.05051545053720474, 0.083694227039814, 0.05558639392256737, 0.016421573236584663, 0.01926584355533123, 0.24442069232463837, 0.015068603679537773, 0.0250882338732481, 0.012640311382710934, 0.0, 0.0, 0.0], [0.06582427769899368, 0.06641235202550888, 0.06609413772821426, 0.066231869161129, 0.06606747210025787, 0.06634823977947235, 0.06619956344366074, 0.06638848781585693, 0.06793390214443207, 0.06740208715200424, 0.06593521684408188, 0.06787709146738052, 0.06669861078262329, 0.06856260448694229, 0.06602416187524796, 0.0, 0.0], [0.1532174050807953, 0.04494237154722214, 0.08754946291446686, 0.047349534928798676, 0.09645961970090866, 0.04245566949248314, 0.0737195760011673, 0.04712069034576416, 0.012347052805125713, 0.014745369553565979, 0.23767858743667603, 0.011247532442212105, 0.019739679992198944, 0.0092493100091815, 0.09869570285081863, 0.003482378786429763, 0.0], [0.004619481507688761, 0.019373562186956406, 0.008888802491128445, 0.018193518742918968, 0.007938573136925697, 0.020683271810412407, 0.010869753547012806, 0.018336333334445953, 0.08847459405660629, 0.07164105027914047, 0.0027736469637602568, 0.09865131229162216, 0.05056735500693321, 0.12470610439777374, 0.007721127476543188, 0.3893207907676697, 0.05724075064063072]], "type": "heatmap"}], "layout": {"template": {"data": {"histogram2dcontour": [{"type": "histogram2dcontour", "colorbar": {"outlinewidth": 0, "ticks": ""}, "colorscale": [[0.0, "#0d0887"], [0.1111111111111111, "#46039f"], [0.2222222222222222, "#7201a8"], [0.3333333333333333, "#9c179e"], [0.4444444444444444, "#bd3786"], [0.5555555555555556, "#d8576b"], [0.6666666666666666, "#ed7953"], [0.7777777777777778, "#fb9f3a"], [0.8888888888888888, "#fdca26"], [1.0, "#f0f921"]]}], "choropleth": [{"type": "choropleth", "colorbar": {"outlinewidth": 0, "ticks": ""}}], "histogram2d": [{"type": "histogram2d", "colorbar": {"outlinewidth": 0, "ticks": ""}, "colorscale": [[0.0, "#0d0887"], [0.1111111111111111, "#46039f"], [0.2222222222222222, "#7201a8"], [0.3333333333333333, "#9c179e"], [0.4444444444444444, "#bd3786"], [0.5555555555555556, "#d8576b"], [0.6666666666666666, "#ed7953"], [0.7777777777777778, "#fb9f3a"], [0.8888888888888888, "#fdca26"], [1.0, "#f0f921"]]}], "heatmap": [{"type": "heatmap", "colorbar": {"outlinewidth": 0, "ticks": ""}, "colorscale": [[0.0, "#0d0887"], [0.1111111111111111, "#46039f"], [0.2222222222222222, "#7201a8"], [0.3333333333333333, "#9c179e"], [0.4444444444444444, "#bd3786"], [0.5555555555555556, "#d8576b"], [0.6666666666666666, "#ed7953"], [0.7777777777777778, "#fb9f3a"], [0.8888888888888888, "#fdca26"], [1.0, "#f0f921"]]}], "heatmapgl": [{"type": "heatmapgl", "colorbar": {"outlinewidth": 0, "ticks": ""}, "colorscale": [[0.0, "#0d0887"], [0.1111111111111111, "#46039f"], [0.2222222222222222, "#7201a8"], [0.3333333333333333, "#9c179e"], [0.4444444444444444, "#bd3786"], [0.5555555555555556, "#d8576b"], [0.6666666666666666, "#ed7953"], [0.7777777777777778, "#fb9f3a"], [0.8888888888888888, "#fdca26"], [1.0, "#f0f921"]]}], "contourcarpet": [{"type": "contourcarpet", "colorbar": {"outlinewidth": 0, "ticks": ""}}], "contour": [{"type": "contour", "colorbar": {"outlinewidth": 0, "ticks": ""}, "colorscale": [[0.0, "#0d0887"], [0.1111111111111111, "#46039f"], [0.2222222222222222, "#7201a8"], [0.3333333333333333, "#9c179e"], [0.4444444444444444, "#bd3786"], [0.5555555555555556, "#d8576b"], [0.6666666666666666, "#ed7953"], [0.7777777777777778, "#fb9f3a"], [0.8888888888888888, "#fdca26"], [1.0, "#f0f921"]]}], "surface": [{"type": "surface", "colorbar": {"outlinewidth": 0, "ticks": ""}, "colorscale": [[0.0, "#0d0887"], [0.1111111111111111, "#46039f"], [0.2222222222222222, "#7201a8"], [0.3333333333333333, "#9c179e"], [0.4444444444444444, "#bd3786"], [0.5555555555555556, "#d8576b"], [0.6666666666666666, "#ed7953"], [0.7777777777777778, "#fb9f3a"], [0.8888888888888888, "#fdca26"], [1.0, "#f0f921"]]}], "mesh3d": [{"type": "mesh3d", "colorbar": {"outlinewidth": 0, "ticks": ""}}], "scatter": [{"fillpattern": {"fillmode": "overlay", "size": 10, "solidity": 0.2}, "type": "scatter"}], "parcoords": [{"type": "parcoords", "line": {"colorbar": {"outlinewidth": 0, "ticks": ""}}}], "scatterpolargl": [{"type": "scatterpolargl", "marker": {"colorbar": {"outlinewidth": 0, "ticks": ""}}}], "bar": [{"error_x": {"color": "#2a3f5f"}, "error_y": {"color": "#2a3f5f"}, "marker": {"line": {"color": "#E5ECF6", "width": 0.5}, "pattern": {"fillmode": "overlay", "size": 10, "solidity": 0.2}}, "type": "bar"}], "scattergeo": [{"type": "scattergeo", "marker": {"colorbar": {"outlinewidth": 0, "ticks": ""}}}], "scatterpolar": [{"type": "scatterpolar", "marker": {"colorbar": {"outlinewidth": 0, "ticks": ""}}}], "histogram": [{"marker": {"pattern": {"fillmode": "overlay", "size": 10, "solidity": 0.2}}, "type": "histogram"}], "scattergl": [{"type": "scattergl", "marker": {"colorbar": {"outlinewidth": 0, "ticks": ""}}}], "scatter3d": [{"type": "scatter3d", "line": {"colorbar": {"outlinewidth": 0, "ticks": ""}},