{"data": [{"colorscale": [[0.0, "#440154"], [0.1111111111111111, "#482878"], [0.2222222222222222, "#3e4989"], [0.3333333333333333, "#31688e"], [0.4444444444444444, "#26828e"], [0.5555555555555556, "#1f9e89"], [0.6666666666666666, "#35b779"], [0.7777777777777778, "#6ece58"], [0.8888888888888888, "#b5de2b"], [1.0, "#fde725"]], "z": [[1.0, 0.0, 0.0, 0.0, 0.0, 0.0, 0.0, 0.0, 0.0, 0.0, 0.0, 0.0, 0.0, 0.0, 0.0, 0.0, 0.0], [0.6640795469284058, 0.3359203636646271, 0.0, 0.0, 0.0, 0.0, 0.0, 0.0, 0.0, 0.0, 0.0, 0.0, 0.0, 0.0, 0.0, 0.0, 0.0], [0.35715577006340027, 0.3051413893699646, 0.3377028703689575, 0.0, 0.0, 0.0, 0.0, 0.0, 0.0, 0.0, 0.0, 0.0, 0.0, 0.0, 0.0, 0.0, 0.0], [0.3320971131324768, 0.19332420825958252, 0.2728137671947479, 0.20176497101783752, 0.0, 0.0, 0.0, 0.0, 0.0, 0.0, 0.0, 0.0, 0.0, 0.0, 0.0, 0.0, 0.0], [0.20040319859981537, 0.19946683943271637, 0.20042285323143005, 0.19919179379940033, 0.20051531493663788, 0.0, 0.0, 0.0, 0.0, 0.0, 0.0, 0.0, 0.0, 0.0, 0.0, 0.0, 0.0], [0.23983290791511536, 0.12391981482505798, 0.18857762217521667, 0.13062675297260284, 0.1962224841117859, 0.12082033604383469, 0.0, 0.0, 0.0, 0.0, 0.0, 0.0, 0.0, 0.0, 0.0, 0.0, 0.0], [0.17376397550106049, 0.12313251942396164, 0.15340594947338104, 0.12646587193012238, 0.15663164854049683, 0.12144649773836136, 0.1451534628868103, 0.0, 0.0, 0.0, 0.0, 0.0, 0.0, 0.0, 0.0, 0.0, 0.0], [0.19808126986026764, 0.08988860994577408, 0.14849917590618134, 0.09578665345907211, 0.15572097897529602, 0.08723477274179459, 0.13080859184265137, 0.09398000687360764, 0.0, 0.0, 0.0, 0.0, 0.0, 0.0, 0.0, 0.0, 0.0], [0.1649021953344345, 0.09664512425661087, 0.13535085320472717, 0.10108089447021484, 0.13975737988948822, 0.09484664350748062, 0.12424186617136002, 0.09945456683635712, 0.04372046887874603, 0.0, 0.0, 0.0, 0.0, 0.0, 0.0, 0.0, 0.0], [0.2691144049167633, 0.062143340706825256, 0.1570965200662613, 0.07012104243040085, 0.1715375781059265, 0.0589139349758625, 0.12417980283498764, 0.06734786182641983, 0.007009913679212332, 0.01253566239029169, 0.0, 0.0, 0.0, 0.0, 0.0, 0.0, 0.0], [0.0020079214591532946, 0.020444033667445183, 0.004710067063570023, 0.01686101220548153, 0.004099266603589058, 0.022225920110940933, 0.006835760548710823, 0.01801147125661373, 0.645824670791626, 0.2576303780078888, 0.0013495493913069367, 0.0, 0.0, 0.0, 0.0, 0.0, 0.0], [0.193291574716568, 0.048705000430345535, 0.11644354462623596, 0.054602380841970444, 0.1264709234237671, 0.04634401202201843, 0.09334051609039307, 0.05250957980751991, 0.006265058647841215, 0.01080970000475645, 0.24482132494449615, 0.00639634532853961, 0.0, 0.0, 0.0, 0.0, 0.0], [0.15922358632087708, 0.060441285371780396, 0.11176731437444687, 0.06536566466093063, 0.1184675395488739, 0.05828060582280159, 0.09567566961050034, 0.06380904465913773, 0.014239036478102207, 0.02097957395017147, 0.1876859813928604, 0.014512271620333195, 0.029552336782217026, 0.0, 0.0, 0.0, 0.0], [0.18676552176475525, 0.04872319847345352, 0.11402677744626999, 0.05450884997844696, 0.12354891002178192, 0.04643785580992699, 0.09189117699861526, 0.05242256820201874, 0.006601615808904171, 0.011240237392485142, 0.23500627279281616, 0.006732387002557516, 0.01825992949306965, 0.0038347896188497543, 0.0, 0.0, 0.0], [0.029902294278144836, 0.05303667485713959, 0.03697113320231438, 0.05049533024430275, 0.0357295460999012, 0.05408155545592308, 0.04053179919719696, 0.051456209272146225, 0.12399016320705414, 0.09913096576929092, 0.02707555703818798, 0.12333457916975021, 0.08021583408117294, 0.1570071280002594, 0.03704122081398964, 0.0, 0.0], [0.17152923345565796, 0.0421273373067379, 0.1023973897099495, 0.04736576974391937, 0.11135603487491608, 0.040065303444862366, 0.08172833919525146, 0.045472152531147, 0.005219113547354937, 0.009097483940422535, 0.21813137829303741, 0.005326247774064541, 0.015110214240849018, 0.0029603121802210808, 0.10126668959856033, 0.0008469861350022256, 0.0], [0.005766274873167276, 0.017366280779242516, 0.008635199628770351, 0.015879744663834572, 0.008080882951617241, 0.01809491589665413, 0.01030536089092493, 0.016333524137735367, 0.08989045023918152, 0.0579230934381485, 0.004778007976710796, 0.0880763903260231, 0.03913694992661476, 0.1386922299861908, 0.008733587339520454, 0.3746158480644226, 0.09769128262996674]], "type": "heatmap"}], "layout": {"template": {"data": {"histogram2dcontour": [{"type": "histogram2dcontour", "colorbar": {"outlinewidth": 0, "ticks": ""}, "colorscale": [[0.0, "#0d0887"], [0.1111111111111111, "#46039f"], [0.2222222222222222, "#7201a8"], [0.3333333333333333, "#9c179e"], [0.4444444444444444, "#bd3786"], [0.5555555555555556, "#d8576b"], [0.6666666666666666, "#ed7953"], [0.7777777777777778, "#fb9f3a"], [0.8888888888888888, "#fdca26"], [1.0, "#f0f921"]]}], "choropleth": [{"type": "choropleth", "colorbar": {"outlinewidth": 0, "ticks": ""}}], "histogram2d": [{"type": "histogram2d", "colorbar": {"outlinewidth": 0, "ticks": ""}, "colorscale": [[0.0, "#0d0887"], [0.1111111111111111, "#46039f"], [0.2222222222222222, "#7201a8"], [0.3333333333333333, "#9c179e"], [0.4444444444444444, "#bd3786"], [0.5555555555555556, "#d8576b"], [0.6666666666666666, "#ed7953"], [0.7777777777777778, "#fb9f3a"], [0.8888888888888888, "#fdca26"], [1.0, "#f0f921"]]}], "heatmap": [{"type": "heatmap", "colorbar": {"outlinewidth": 0, "ticks": ""}, "colorscale": [[0.0, "#0d0887"], [0.1111111111111111, "#46039f"], [0.2222222222222222, "#7201a8"], [0.3333333333333333, "#9c179e"], [0.4444444444444444, "#bd3786"], [0.5555555555555556, "#d8576b"], [0.6666666666666666, "#ed7953"], [0.7777777777777778, "#fb9f3a"], [0.8888888888888888, "#fdca26"], [1.0, "#f0f921"]]}], "heatmapgl": [{"type": "heatmapgl", "colorbar": {"outlinewidth": 0, "ticks": ""}, "colorscale": [[0.0, "#0d0887"], [0.1111111111111111, "#46039f"], [0.2222222222222222, "#7201a8"], [0.3333333333333333, "#9c179e"], [0.4444444444444444, "#bd3786"], [0.5555555555555556, "#d8576b"], [0.6666666666666666, "#ed7953"], [0.7777777777777778, "#fb9f3a"], [0.8888888888888888, "#fdca26"], [1.0, "#f0f921"]]}], "contourcarpet": [{"type": "contourcarpet", "colorbar": {"outlinewidth": 0, "ticks": ""}}], "contour": [{"type": "contour", "colorbar": {"outlinewidth": 0, "ticks": ""}, "colorscale": [[0.0, "#0d0887"], [0.1111111111111111, "#46039f"], [0.2222222222222222, "#7201a8"], [0.3333333333333333, "#9c179e"], [0.4444444444444444, "#bd3786"], [0.5555555555555556, "#d8576b"], [0.6666666666666666, "#ed7953"], [0.7777777777777778, "#fb9f3a"], [0.8888888888888888, "#fdca26"], [1.0, "#f0f921"]]}], "surface": [{"type": "surface", "colorbar": {"outlinewidth": 0, "ticks": ""}, "colorscale": [[0.0, "#0d0887"], [0.1111111111111111, "#46039f"], [0.2222222222222222, "#7201a8"], [0.3333333333333333, "#9c179e"], [0.4444444444444444, "#bd3786"], [0.5555555555555556, "#d8576b"], [0.6666666666666666, "#ed7953"], [0.7777777777777778, "#fb9f3a"], [0.8888888888888888, "#fdca26"], [1.0, "#f0f921"]]}], "mesh3d": [{"type": "mesh3d", "colorbar": {"outlinewidth": 0, "ticks": ""}}], "scatter": [{"fillpattern": {"fillmode": "overlay", "size": 10, "solidity": 0.2}, "type": "scatter"}], "parcoords": [{"type": "parcoords", "line": {"colorbar": {"outlinewidth": 0, "ticks": ""}}}], "scatterpolargl": [{"type": "scatterpolargl", "marker": {"colorbar": {"outlinewidth": 0, "ticks": ""}}}], "bar": [{"error_x": {"color": "#2a3f5f"}, "error_y": {"color": "#2a3f5f"}, "marker": {"line": {"color": "#E5ECF6", "width": 0.5}, "pattern": {"fillmode": "overlay", "size": 10, "solidity": 0.2}}, "type": "bar"}], "scattergeo": [{"type": "scattergeo", "marker": {"colorbar": {"outlinewidth": 0, "ticks": ""}}}], "scatterpolar": [{"type": "scatterpolar", "marker": {"colorbar": {"outlinewidth": 0, "ticks": ""}}}], "histogram": [{"marker": {"pattern": {"fillmode": "overlay", "size": 10, "solidity": 0.2}}, "type": "histogram"}], "scattergl": [{"type": "scattergl", "marker": {"colorbar": {"outlinewidth": 0, "ticks": ""}}}], "scatter3d": [{"type": "scatter3d", "line": {"colorbar": {"outlinewidth": 0, "ticks": ""}},