{"data": [{"colorscale": [[0.0, "#440154"], [0.1111111111111111, "#482878"], [0.2222222222222222, "#3e4989"], [0.3333333333333333, "#31688e"], [0.4444444444444444, "#26828e"], [0.5555555555555556, "#1f9e89"], [0.6666666666666666, "#35b779"], [0.7777777777777778, "#6ece58"], [0.8888888888888888, "#b5de2b"], [1.0, "#fde725"]], "z": [[1.0, 0.0, 0.0, 0.0, 0.0, 0.0, 0.0, 0.0, 0.0, 0.0, 0.0, 0.0, 0.0, 0.0, 0.0, 0.0, 0.0], [0.3834969401359558, 0.6165030598640442, 0.0, 0.0, 0.0, 0.0, 0.0, 0.0, 0.0, 0.0, 0.0, 0.0, 0.0, 0.0, 0.0, 0.0, 0.0], [0.29559990763664246, 0.37051016092300415, 0.3338899612426758, 0.0, 0.0, 0.0, 0.0, 0.0, 0.0, 0.0, 0.0, 0.0, 0.0, 0.0, 0.0, 0.0, 0.0], [0.17510747909545898, 0.2836100161075592, 0.25203755497932434, 0.2892449200153351, 0.0, 0.0, 0.0, 0.0, 0.0, 0.0, 0.0, 0.0, 0.0, 0.0, 0.0, 0.0, 0.0], [0.17937804758548737, 0.21354730427265167, 0.19494152069091797, 0.21251261234283447, 0.19962047040462494, 0.0, 0.0, 0.0, 0.0, 0.0, 0.0, 0.0, 0.0, 0.0, 0.0, 0.0, 0.0], [0.11284483969211578, 0.17872075736522675, 0.16028915345668793, 0.18227702379226685, 0.17466169595718384, 0.19120654463768005, 0.0, 0.0, 0.0, 0.0, 0.0, 0.0, 0.0, 0.0, 0.0, 0.0, 0.0], [0.12299724668264389, 0.15213637053966522, 0.137448251247406, 0.15160438418388367, 0.14172016084194183, 0.15545186400413513, 0.13864168524742126, 0.0, 0.0, 0.0, 0.0, 0.0, 0.0, 0.0, 0.0, 0.0, 0.0], [0.08419904112815857, 0.13188259303569794, 0.11872817575931549, 0.13447552919387817, 0.12913575768470764, 0.14089623093605042, 0.12050081044435501, 0.1401817798614502, 0.0, 0.0, 0.0, 0.0, 0.0, 0.0, 0.0, 0.0, 0.0], [0.08004968613386154, 0.12309092283248901, 0.10542960464954376, 0.12380271404981613, 0.11315535753965378, 0.12982277572155, 0.1070827767252922, 0.1304297149181366, 0.0871364176273346, 0.0, 0.0, 0.0, 0.0, 0.0, 0.0, 0.0, 0.0], [0.146482914686203, 0.09656538814306259, 0.10958967357873917, 0.095439612865448, 0.10192979127168655, 0.09130112081766129, 0.10806440562009811, 0.09131235629320145, 0.13498245179653168, 0.024332214146852493, 0.0, 0.0, 0.0, 0.0, 0.0, 0.0, 0.0], [0.058954689651727676, 0.08431772887706757, 0.07342404872179031, 0.08451132476329803, 0.07774609327316284, 0.0879744291305542, 0.07441231608390808, 0.08848344534635544, 0.06327449530363083, 0.24260972440242767, 0.06429167836904526, 0.0, 0.0, 0.0, 0.0, 0.0, 0.0], [0.13619589805603027, 0.08212041854858398, 0.09519034624099731, 0.08086217194795609, 0.08707010000944138, 0.07663485407829285, 0.09358140826225281, 0.07671160995960236, 0.12320522964000702, 0.015026822686195374, 0.11954689025878906, 0.013854173943400383, 0.0, 0.0, 0.0, 0.0, 0.0], [0.024371951818466187, 0.0430278442800045, 0.03634629026055336, 0.043738432228565216, 0.04016206040978432, 0.04647646099328995, 0.03706112504005432, 0.04645995795726776, 0.027298182249069214, 0.2864818274974823, 0.028219085186719894, 0.3139117360115051, 0.026445044204592705, 0.0, 0.0, 0.0, 0.0], [0.055006202310323715, 0.06383606046438217, 0.06332167237997055, 0.0646943747997284, 0.06541156023740768, 0.0655856654047966, 0.06356348097324371, 0.0651361495256424, 0.05669805780053139, 0.12230537831783295, 0.057514119893312454, 0.12561431527137756, 0.0549066998064518, 0.07640622556209564, 0.0, 0.0, 0.0], [0.03081158548593521, 0.04893647879362106, 0.04153619334101677, 0.04925873503088951, 0.04484464228153229, 0.05184268206357956, 0.04224312677979469, 0.05209164321422577, 0.03378460928797722, 0.20441870391368866, 0.03456348553299904, 0.2197931557893753, 0.03350531682372093, 0.08140362054109573, 0.03096604160964489, 0.0, 0.0], [0.055182039737701416, 0.0588235966861248, 0.0600152313709259, 0.059530261904001236, 0.06109894439578056, 0.05977945402264595, 0.06004760414361954, 0.05932387337088585, 0.05587422847747803, 0.08598900586366653, 0.05643996223807335, 0.0870996043086052, 0.05425966903567314, 0.0640057921409607, 0.05471101775765419, 0.06781971454620361, 0.0], [0.05945824086666107, 0.05997893586754799, 0.05830589681863785, 0.05965537577867508, 0.0581078864634037, 0.05976603180170059, 0.058337464928627014, 0.060011256486177444, 0.05939126014709473, 0.05541418492794037, 0.05923030525445938, 0.055322855710983276, 0.06036974489688873, 0.059818677604198456, 0.05966921150684357, 0.058920226991176605, 0.05824241787195206]], "type": "heatmap"}], "layout": {"template": {"data": {"histogram2dcontour": [{"type": "histogram2dcontour", "colorbar": {"outlinewidth": 0, "ticks": ""}, "colorscale": [[0.0, "#0d0887"], [0.1111111111111111, "#46039f"], [0.2222222222222222, "#7201a8"], [0.3333333333333333, "#9c179e"], [0.4444444444444444, "#bd3786"], [0.5555555555555556, "#d8576b"], [0.6666666666666666, "#ed7953"], [0.7777777777777778, "#fb9f3a"], [0.8888888888888888, "#fdca26"], [1.0, "#f0f921"]]}], "choropleth": [{"type": "choropleth", "colorbar": {"outlinewidth": 0, "ticks": ""}}], "histogram2d": [{"type": "histogram2d", "colorbar": {"outlinewidth": 0, "ticks": ""}, "colorscale": [[0.0, "#0d0887"], [0.1111111111111111, "#46039f"], [0.2222222222222222, "#7201a8"], [0.3333333333333333, "#9c179e"], [0.4444444444444444, "#bd3786"], [0.5555555555555556, "#d8576b"], [0.6666666666666666, "#ed7953"], [0.7777777777777778, "#fb9f3a"], [0.8888888888888888, "#fdca26"], [1.0, "#f0f921"]]}], "heatmap": [{"type": "heatmap", "colorbar": {"outlinewidth": 0, "ticks": ""}, "colorscale": [[0.0, "#0d0887"], [0.1111111111111111, "#46039f"], [0.2222222222222222, "#7201a8"], [0.3333333333333333, "#9c179e"], [0.4444444444444444, "#bd3786"], [0.5555555555555556, "#d8576b"], [0.6666666666666666, "#ed7953"], [0.7777777777777778, "#fb9f3a"], [0.8888888888888888, "#fdca26"], [1.0, "#f0f921"]]}], "heatmapgl": [{"type": "heatmapgl", "colorbar": {"outlinewidth": 0, "ticks": ""}, "colorscale": [[0.0, "#0d0887"], [0.1111111111111111, "#46039f"], [0.2222222222222222, "#7201a8"], [0.3333333333333333, "#9c179e"], [0.4444444444444444, "#bd3786"], [0.5555555555555556, "#d8576b"], [0.6666666666666666, "#ed7953"], [0.7777777777777778, "#fb9f3a"], [0.8888888888888888, "#fdca26"], [1.0, "#f0f921"]]}], "contourcarpet": [{"type": "contourcarpet", "colorbar": {"outlinewidth": 0, "ticks": ""}}], "contour": [{"type": "contour", "colorbar": {"outlinewidth": 0, "ticks": ""}, "colorscale": [[0.0, "#0d0887"], [0.1111111111111111, "#46039f"], [0.2222222222222222, "#7201a8"], [0.3333333333333333, "#9c179e"], [0.4444444444444444, "#bd3786"], [0.5555555555555556, "#d8576b"], [0.6666666666666666, "#ed7953"], [0.7777777777777778, "#fb9f3a"], [0.8888888888888888, "#fdca26"], [1.0, "#f0f921"]]}], "surface": [{"type": "surface", "colorbar": {"outlinewidth": 0, "ticks": ""}, "colorscale": [[0.0, "#0d0887"], [0.1111111111111111, "#46039f"], [0.2222222222222222, "#7201a8"], [0.3333333333333333, "#9c179e"], [0.4444444444444444, "#bd3786"], [0.5555555555555556, "#d8576b"], [0.6666666666666666, "#ed7953"], [0.7777777777777778, "#fb9f3a"], [0.8888888888888888, "#fdca26"], [1.0, "#f0f921"]]}], "mesh3d": [{"type": "mesh3d", "colorbar": {"outlinewidth": 0, "ticks": ""}}], "scatter": [{"fillpattern": {"fillmode": "overlay", "size": 10, "solidity": 0.2}, "type": "scatter"}], "parcoords": [{"type": "parcoords", "line": {"colorbar": {"outlinewidth": 0, "ticks": ""}}}], "scatterpolargl": [{"type": "scatterpolargl", "marker": {"colorbar": {"outlinewidth": 0, "ticks": ""}}}], "bar": [{"error_x": {"color": "#2a3f5f"}, "error_y": {"color": "#2a3f5f"}, "marker": {"line": {"color": "#E5ECF6", "width": 0.5}, "pattern": {"fillmode": "overlay", "size": 10, "solidity": 0.2}}, "type": "bar"}], "scattergeo": [{"type": "scattergeo", "marker": {"colorbar": {"outlinewidth": 0, "ticks": ""}}}], "scatterpolar": [{"type": "scatterpolar", "marker": {"colorbar": {"outlinewidth": 0, "ticks": ""}}}], "histogram": [{"marker": {"pattern": {"fillmode": "overlay", "size": 10, "solidity": 0.2}}, "type": "histogram"}], "scattergl": [{"type": "scattergl", "marker": {"colorbar": {"outlinewidth": 0, "ticks": ""}}}], "scatter3d": [{"type": "scatter3d", "line": {"colorbar": {"outlinewidth": 0, "ticks": ""}},