{"data": [{"colorscale": [[0.0, "#440154"], [0.1111111111111111, "#482878"], [0.2222222222222222, "#3e4989"], [0.3333333333333333, "#31688e"], [0.4444444444444444, "#26828e"], [0.5555555555555556, "#1f9e89"], [0.6666666666666666, "#35b779"], [0.7777777777777778, "#6ece58"], [0.8888888888888888, "#b5de2b"], [1.0, "#fde725"]], "z": [[1.0, 0.0, 0.0, 0.0, 0.0, 0.0, 0.0, 0.0, 0.0, 0.0, 0.0, 0.0, 0.0, 0.0, 0.0, 0.0, 0.0], [0.5234830975532532, 0.4765169620513916, 0.0, 0.0, 0.0, 0.0, 0.0, 0.0, 0.0, 0.0, 0.0, 0.0, 0.0, 0.0, 0.0, 0.0, 0.0], [0.040091563016176224, 0.9120129942893982, 0.04789549112319946, 0.0, 0.0, 0.0, 0.0, 0.0, 0.0, 0.0, 0.0, 0.0, 0.0, 0.0, 0.0, 0.0, 0.0], [0.2778662145137787, 0.22568371891975403, 0.28347083926200867, 0.212979257106781, 0.0, 0.0, 0.0, 0.0, 0.0, 0.0, 0.0, 0.0, 0.0, 0.0, 0.0, 0.0, 0.0], [0.02559467777609825, 0.5498049855232239, 0.03036993369460106, 0.3543584644794464, 0.039871908724308014, 0.0, 0.0, 0.0, 0.0, 0.0, 0.0, 0.0, 0.0, 0.0, 0.0, 0.0, 0.0], [0.19478605687618256, 0.13905863463878632, 0.19699883460998535, 0.13405337929725647, 0.19963666796684265, 0.13546650111675262, 0.0, 0.0, 0.0, 0.0, 0.0, 0.0, 0.0, 0.0, 0.0, 0.0, 0.0], [0.013876233249902725, 0.3383479714393616, 0.01661352999508381, 0.2128600776195526, 0.022125093266367912, 0.37521111965179443, 0.02096603438258171, 0.0, 0.0, 0.0, 0.0, 0.0, 0.0, 0.0, 0.0, 0.0, 0.0], [0.14155663549900055, 0.10716751217842102, 0.14337797462940216, 0.10288097709417343, 0.1457342654466629, 0.10467790067195892, 0.14693260192871094, 0.10767214000225067, 0.0, 0.0, 0.0, 0.0, 0.0, 0.0, 0.0, 0.0, 0.0], [0.007952840067446232, 0.21837112307548523, 0.009708627127110958, 0.12934325635433197, 0.013351336121559143, 0.24121209979057312, 0.012654011137783527, 0.34976717829704285, 0.017639536410570145, 0.0, 0.0, 0.0, 0.0, 0.0, 0.0, 0.0, 0.0], [0.25796476006507874, 0.015205767937004566, 0.21602939069271088, 0.02421005442738533, 0.1630556434392929, 0.014009635895490646, 0.17059411108493805, 0.010072765871882439, 0.12773488461971283, 0.0011229777010157704, 0.0, 0.0, 0.0, 0.0, 0.0, 0.0, 0.0], [0.0010738936252892017, 0.036011964082717896, 0.0013190365862101316, 0.021111873909831047, 0.0018297525821253657, 0.040173254907131195, 0.0017266366630792618, 0.058699142187833786, 0.0024340457748621702, 0.8338441252708435, 0.0017763074720278382, 0.0, 0.0, 0.0, 0.0, 0.0, 0.0], [0.21347030997276306, 0.017041880637407303, 0.1805182248353958, 0.026452938094735146, 0.13867154717445374, 0.015908515080809593, 0.1442432552576065, 0.011647663079202175, 0.11052241176366806, 0.0015751334140077233, 0.13909901678562164, 0.0008490508771501482, 0.0, 0.0, 0.0, 0.0, 0.0], [0.003886941820383072, 0.035306982696056366, 0.0045181382447481155, 0.023632558062672615, 0.005736772436648607, 0.037371762096881866, 0.005548608954995871, 0.04966077208518982, 0.0070566534996032715, 0.29119351506233215, 0.0057630883529782295, 0.5145552158355713, 0.015768932178616524, 0.0, 0.0, 0.0, 0.0], [0.11547424644231796, 0.050962526351213455, 0.11153903603553772, 0.055242449045181274, 0.10563521087169647, 0.04929085820913315, 0.10730393975973129, 0.046519238501787186, 0.10077349096536636, 0.02675071731209755, 0.1080797016620636, 0.024336330592632294, 0.07489298284053802, 0.023199306800961494, 0.0, 0.0, 0.0], [0.00019046173838432878, 0.005851132795214653, 0.00023435863840859383, 0.0034082368947565556, 0.0003257080679759383, 0.006486565340310335, 0.0003080599708482623, 0.009519414976239204, 0.00043356066453270614, 0.1307007521390915, 0.0003185162495356053, 0.27457690238952637, 0.001508586574345827, 0.565913200378418, 0.00022456992883235216, 0.0, 0.0], [0.12288179248571396, 0.033448271453380585, 0.11547325551509857, 0.038980040699243546, 0.10461023449897766, 0.031862515956163406, 0.10711336880922318, 0.028564520180225372, 0.09595444798469543, 0.011435865424573421, 0.1074773296713829, 0.00943196751177311, 0.059791892766952515, 0.008186533115804195, 0.11766733229160309, 0.007120510097593069, 0.0], [0.0006485424237325788, 0.010077245533466339, 0.0007499881321564317, 0.00690153893083334, 0.0009493386605754495, 0.011050655506551266, 0.0009059957228600979, 0.014461640268564224, 0.0011705546639859676, 0.10731996595859528, 0.0009168580290861428, 0.1771143227815628, 0.0031818686984479427, 0.27803900837898254, 0.0007247402099892497, 0.37051713466644287, 0.01527062151581049]], "type": "heatmap"}], "layout": {"template": {"data": {"histogram2dcontour": [{"type": "histogram2dcontour", "colorbar": {"outlinewidth": 0, "ticks": ""}, "colorscale": [[0.0, "#0d0887"], [0.1111111111111111, "#46039f"], [0.2222222222222222, "#7201a8"], [0.3333333333333333, "#9c179e"], [0.4444444444444444, "#bd3786"], [0.5555555555555556, "#d8576b"], [0.6666666666666666, "#ed7953"], [0.7777777777777778, "#fb9f3a"], [0.8888888888888888, "#fdca26"], [1.0, "#f0f921"]]}], "choropleth": [{"type": "choropleth", "colorbar": {"outlinewidth": 0, "ticks": ""}}], "histogram2d": [{"type": "histogram2d", "colorbar": {"outlinewidth": 0, "ticks": ""}, "colorscale": [[0.0, "#0d0887"], [0.1111111111111111, "#46039f"], [0.2222222222222222, "#7201a8"], [0.3333333333333333, "#9c179e"], [0.4444444444444444, "#bd3786"], [0.5555555555555556, "#d8576b"], [0.6666666666666666, "#ed7953"], [0.7777777777777778, "#fb9f3a"], [0.8888888888888888, "#fdca26"], [1.0, "#f0f921"]]}], "heatmap": [{"type": "heatmap", "colorbar": {"outlinewidth": 0, "ticks": ""}, "colorscale": [[0.0, "#0d0887"], [0.1111111111111111, "#46039f"], [0.2222222222222222, "#7201a8"], [0.3333333333333333, "#9c179e"], [0.4444444444444444, "#bd3786"], [0.5555555555555556, "#d8576b"], [0.6666666666666666, "#ed7953"], [0.7777777777777778, "#fb9f3a"], [0.8888888888888888, "#fdca26"], [1.0, "#f0f921"]]}], "heatmapgl": [{"type": "heatmapgl", "colorbar": {"outlinewidth": 0, "ticks": ""}, "colorscale": [[0.0, "#0d0887"], [0.1111111111111111, "#46039f"], [0.2222222222222222, "#7201a8"], [0.3333333333333333, "#9c179e"], [0.4444444444444444, "#bd3786"], [0.5555555555555556, "#d8576b"], [0.6666666666666666, "#ed7953"], [0.7777777777777778, "#fb9f3a"], [0.8888888888888888, "#fdca26"], [1.0, "#f0f921"]]}], "contourcarpet": [{"type": "contourcarpet", "colorbar": {"outlinewidth": 0, "ticks": ""}}], "contour": [{"type": "contour", "colorbar": {"outlinewidth": 0, "ticks": ""}, "colorscale": [[0.0, "#0d0887"], [0.1111111111111111, "#46039f"], [0.2222222222222222, "#7201a8"], [0.3333333333333333, "#9c179e"], [0.4444444444444444, "#bd3786"], [0.5555555555555556, "#d8576b"], [0.6666666666666666, "#ed7953"], [0.7777777777777778, "#fb9f3a"], [0.8888888888888888, "#fdca26"], [1.0, "#f0f921"]]}], "surface": [{"type": "surface", "colorbar": {"outlinewidth": 0, "ticks": ""}, "colorscale": [[0.0, "#0d0887"], [0.1111111111111111, "#46039f"], [0.2222222222222222, "#7201a8"], [0.3333333333333333, "#9c179e"], [0.4444444444444444, "#bd3786"], [0.5555555555555556, "#d8576b"], [0.6666666666666666, "#ed7953"], [0.7777777777777778, "#fb9f3a"], [0.8888888888888888, "#fdca26"], [1.0, "#f0f921"]]}], "mesh3d": [{"type": "mesh3d", "colorbar": {"outlinewidth": 0, "ticks": ""}}], "scatter": [{"fillpattern": {"fillmode": "overlay", "size": 10, "solidity": 0.2}, "type": "scatter"}], "parcoords": [{"type": "parcoords", "line": {"colorbar": {"outlinewidth": 0, "ticks": ""}}}], "scatterpolargl": [{"type": "scatterpolargl", "marker": {"colorbar": {"outlinewidth": 0, "ticks": ""}}}], "bar": [{"error_x": {"color": "#2a3f5f"}, "error_y": {"color": "#2a3f5f"}, "marker": {"line": {"color": "#E5ECF6", "width": 0.5}, "pattern": {"fillmode": "overlay", "size": 10, "solidity": 0.2}}, "type": "bar"}], "scattergeo": [{"type": "scattergeo", "marker": {"colorbar": {"outlinewidth": 0, "ticks": ""}}}], "scatterpolar": [{"type": "scatterpolar", "marker": {"colorbar": {"outlinewidth": 0, "ticks": ""}}}], "histogram": [{"marker": {"pattern": {"fillmode": "overlay", "size": 10, "solidity": 0.2}}, "type": "histogram"}], "scattergl": [{"type": "scattergl", "marker": {"colorbar": {"outlinewidth": 0, "ticks": ""}}}],