{"data": [{"colorscale": [[0.0, "#440154"], [0.1111111111111111, "#482878"], [0.2222222222222222, "#3e4989"], [0.3333333333333333, "#31688e"], [0.4444444444444444, "#26828e"], [0.5555555555555556, "#1f9e89"], [0.6666666666666666, "#35b779"], [0.7777777777777778, "#6ece58"], [0.8888888888888888, "#b5de2b"], [1.0, "#fde725"]], "z": [[1.0, 0.0, 0.0, 0.0, 0.0, 0.0, 0.0, 0.0, 0.0, 0.0, 0.0, 0.0, 0.0, 0.0, 0.0, 0.0, 0.0, 0.0, 0.0, 0.0, 0.0], [0.6665079593658447, 0.3334919810295105, 0.0, 0.0, 0.0, 0.0, 0.0, 0.0, 0.0, 0.0, 0.0, 0.0, 0.0, 0.0, 0.0, 0.0, 0.0, 0.0, 0.0, 0.0, 0.0], [0.04227207228541374, 0.8891698718070984, 0.06855815649032593, 0.0, 0.0, 0.0, 0.0, 0.0, 0.0, 0.0, 0.0, 0.0, 0.0, 0.0, 0.0, 0.0, 0.0, 0.0, 0.0, 0.0, 0.0], [0.5017096400260925, 0.06947163492441177, 0.3828411102294922, 0.045977648347616196, 0.0, 0.0, 0.0, 0.0, 0.0, 0.0, 0.0, 0.0, 0.0, 0.0, 0.0, 0.0, 0.0, 0.0, 0.0, 0.0, 0.0], [0.01760287769138813, 0.3329927325248718, 0.027876244857907295, 0.6124653220176697, 0.0090628145262599, 0.0, 0.0, 0.0, 0.0, 0.0, 0.0, 0.0, 0.0, 0.0, 0.0, 0.0, 0.0, 0.0, 0.0, 0.0, 0.0], [0.274382084608078, 0.07237553596496582, 0.2217908799648285, 0.06987400352954865, 0.3386067748069763, 0.02297062613070011, 0.0, 0.0, 0.0, 0.0, 0.0, 0.0, 0.0, 0.0, 0.0, 0.0, 0.0, 0.0, 0.0, 0.0, 0.0], [0.2584972381591797, 0.06610433757305145, 0.17497503757476807, 0.07313904911279678, 0.18037928640842438, 0.0460689403116703, 0.20083606243133545, 0.0, 0.0, 0.0, 0.0, 0.0, 0.0, 0.0, 0.0, 0.0, 0.0, 0.0, 0.0, 0.0, 0.0], [0.2073010802268982, 0.07928741723299026, 0.18066354095935822, 0.0790000930428505, 0.25023332238197327, 0.033129408955574036, 0.14098262786865234, 0.029402529820799828, 0.0, 0.0, 0.0, 0.0, 0.0, 0.0, 0.0, 0.0, 0.0, 0.0, 0.0, 0.0, 0.0], [0.2009630799293518, 0.052111029624938965, 0.1341492086648941, 0.057204097509384155, 0.1338658183813095, 0.03923311457037926, 0.16065074503421783, 0.03998084366321564, 0.18184208869934082, 0.0, 0.0, 0.0, 0.0, 0.0, 0.0, 0.0, 0.0, 0.0, 0.0, 0.0, 0.0], [0.2007470577955246, 0.05915242061018944, 0.16564464569091797, 0.05735214427113533, 0.24649125337600708, 0.020292796194553375, 0.12475013732910156, 0.017535371705889702, 0.09551064670085907, 0.012523466721177101, 0.0, 0.0, 0.0, 0.0, 0.0, 0.0, 0.0, 0.0, 0.0, 0.0, 0.0], [0.00015278178034350276, 0.00484585901722312, 0.00026084057753905654, 0.008456616662442684, 7.20556708984077e-05, 0.13414721190929413, 0.0006503513432107866, 0.22205643355846405, 0.001681327586993575, 0.6273801326751709, 0.0002964456507470459, 0.0, 0.0, 0.0, 0.0, 0.0, 0.0, 0.0, 0.0, 0.0, 0.0], [0.18147720396518707, 0.04714782163500786, 0.15303237736225128, 0.03246167674660683, 0.29337045550346375, 0.009769311174750328, 0.09384367614984512, 0.007530242204666138, 0.055636487901210785, 0.0045821648091077805, 0.11926357448101044, 0.0018849715124815702, 0.0, 0.0, 0.0, 0.0, 0.0, 0.0, 0.0, 0.0, 0.0], [0.12499763071537018, 0.03868670016527176, 0.08669661730527878, 0.040777985006570816, 0.08506225794553757, 0.031416408717632294, 0.10405032336711884, 0.03209486976265907, 0.11727433651685715, 0.03056338056921959, 0.13995738327503204, 0.03833657130599022, 0.13008548319339752, 0.0, 0.0, 0.0, 0.0, 0.0, 0.0, 0.0, 0.0], [0.1665937900543213, 0.04834046587347984, 0.14262080192565918, 0.03386755660176277, 0.2627834677696228, 0.011125432327389717, 0.09023045748472214, 0.008715094067156315, 0.05509313568472862, 0.005476817023009062, 0.11147188395261765, 0.0023562742862850428, 0.060373201966285706, 0.0009516419377177954, 0.0, 0.0, 0.0, 0.0, 0.0, 0.0, 0.0], [9.384434633830097e-06, 0.00028846669010818005, 1.6002115444280207e-05, 0.00047070911386981606, 4.614189947460545e-06, 0.00726920273154974, 3.8608173781540245e-05, 0.011772875674068928, 9.551277616992593e-05, 0.03230459615588188, 1.7222339010913856e-05, 0.1245492696762085, 6.913082324899733e-05, 0.823035717010498, 5.872665497008711e-05, 0.0, 0.0, 0.0, 0.0, 0.0, 0.0], [0.1318565309047699, 0.04803697019815445, 0.1131417453289032, 0.04760301113128662, 0.16202986240386963, 0.01866684854030609, 0.08739160001277924, 0.016346661373972893, 0.06816942244768143, 0.012113413773477077, 0.11651335656642914, 0.00927157886326313, 0.07661701738834381, 0.005345614161342382, 0.08387275785207748, 0.003023686818778515, 0.0, 0.0, 0.0, 0.0, 0.0], [4.943034127791179e-06, 0.00011834309407277033, 8.065361726039555e-06, 0.00018159521277993917, 2.521454689485836e-06, 0.002390041248872876, 1.8403821741230786e-05, 0.003749577794224024, 4.29148567491211e-05, 0.009604458697140217, 8.650386916997377e-06, 0.032867349684238434, 3.1685736757935956e-05, 0.19128775596618652, 2.7064408641308546e-05, 0.7593203783035278, 0.00033621033071540296, 0.0, 0.0, 0.0, 0.0], [0.11903823167085648, 0.07039947062730789, 0.11497684568166733, 0.0533762127161026, 0.16929887235164642, 0.02965865284204483, 0.08455794304609299, 0.025282373651862144, 0.06020500883460045, 0.01917613111436367, 0.0874110609292984, 0.010337737388908863, 0.061571188271045685, 0.005888448562473059, 0.05636921897530556, 0.005117583088576794, 0.024560382589697838, 0.002774551510810852, 0.0, 0.0, 0.0], [0.0841873288154602, 0.028167787939310074, 0.060178741812705994, 0.02755555883049965, 0.06026584282517433, 0.02193092182278633, 0.06974837183952332, 0.022135401144623756, 0.07620307803153992, 0.020761799067258835, 0.0903005376458168, 0.023181123659014702, 0.08351929485797882, 0.022103585302829742, 0.09484698623418808, 0.016313929110765457, 0.09203680604696274, 0.021782323718070984, 0.08478052169084549, 0.0, 0.0], [0.08404723554849625, 0.07644005864858627, 0.08656769245862961, 0.06580386310815811, 0.10876178741455078, 0.04844040051102638, 0.07160027325153351, 0.04387712478637695, 0.057432062923908234, 0.037789635360240936, 0.06775006651878357, 0.025807345286011696, 0.056950125843286514, 0.018629949539899826, 0.0518019013106823, 0.018123505637049675, 0.031929872930049896, 0.01192541979253292, 0.03116735816001892, 0.005154270213097334, 0.0], [3.1457267901657815e-09, 1.0073667056076374e-07, 5.5375326546425185e-09, 1.6511953049302974e-07, 1.560411133638695e-09, 2.5951928819267778e-06, 1.3076081550877916e-08, 4.208526661386713e-06, 3.2823145090787875e-08, 1.1678417649818584e-05, 6.013400000171032e-09, 4.6468670916510746e-05, 2.406941135291163e-08, 0.0003141082124784589, 2.0995674532287012e-08, 0.00133826257660985, 3.220460769171041e-07, 0.0038468409329652786, 6.490203645626025e-07, 0.994434654712677, 2.982169888809949e-08]], "type": "heatmap"}], "layout": {"template": {"data": {"histogram2dcontour": [{"type": "histogram2dcontour", "colorbar": {"outlinewidth": 0, "ticks": ""}, "colorscale": [[0.0, "#0d0887"], [0.1111111111111111, "#46039f"], [0.2222222222222222, "#7201a8"], [0.3333333333333333, "#9c179e"], [0.4444444444444444, "#bd3786"], [0.5555555555555556, "#d8576b"], [0.6666666666666666, "#ed7953"], [0.7777777777777778, "#fb9f3a"], [0.8888888888888888, "#fdca26"], [1.0, "#f0f921"]]}], "choropleth": [{"type": "choropleth", "colorbar": {"outlinewidth": 0, "ticks": ""}}], "histogram2d": [{"type": "histogram2d", "colorbar": {"outlinewidth": 0, "ticks": ""}, "colorscale": [[0.0, "#0d0887"], [0.1111111111111111, "#46039f"], [0.2222222222222222, "#7201a8"], [0.3333333333333333, "#9c179e"], [0.4444444444444444, "#bd3786"], [0.5555555555555556, "#d8576b"], [0.6666666666666666, "#ed7953"], [0.7777777777777778, "#fb9f3a"], [0.8888888888888888, "#fdca26"], [1.0, "#f0f921"]]}], "heatmap": [{"type": "heatmap", "colorbar": {"outlinewidth": 0, "ticks": ""}, "colorscale": [[0.0, "#0d0887"], [0.1111111111111111, "#46039f"], [0.2222222222222222, "#7201a8"], [0.3333333333333333, "#9c179e"], [0.4444444444444444, "#bd3786"], [0.5555555555555556, "#d8576b"], [0.6666666666666666, "#ed7953"], [0.7777777777777778, "#fb9f3a"], [0.8888888888888888, "#fdca26"], [1.0, "#f0f921"]]}], "heatmapgl": [{"type": "heatmapgl", "colorbar": {"outlinewidth": 0, "ticks": ""},