{"data": [{"colorscale": [[0.0, "#440154"], [0.1111111111111111, "#482878"], [0.2222222222222222, "#3e4989"], [0.3333333333333333, "#31688e"], [0.4444444444444444, "#26828e"], [0.5555555555555556, "#1f9e89"], [0.6666666666666666, "#35b779"], [0.7777777777777778, "#6ece58"], [0.8888888888888888, "#b5de2b"], [1.0, "#fde725"]], "z": [[1.0, 0.0, 0.0, 0.0, 0.0, 0.0, 0.0, 0.0, 0.0, 0.0, 0.0, 0.0, 0.0, 0.0, 0.0, 0.0, 0.0, 0.0, 0.0, 0.0, 0.0], [0.0943203791975975, 0.9056796431541443, 0.0, 0.0, 0.0, 0.0, 0.0, 0.0, 0.0, 0.0, 0.0, 0.0, 0.0, 0.0, 0.0, 0.0, 0.0, 0.0, 0.0, 0.0, 0.0], [0.12306923419237137, 0.7718657851219177, 0.10506495088338852, 0.0, 0.0, 0.0, 0.0, 0.0, 0.0, 0.0, 0.0, 0.0, 0.0, 0.0, 0.0, 0.0, 0.0, 0.0, 0.0, 0.0, 0.0], [0.2362692654132843, 0.38224634528160095, 0.19135625660419464, 0.19012810289859772, 0.0, 0.0, 0.0, 0.0, 0.0, 0.0, 0.0, 0.0, 0.0, 0.0, 0.0, 0.0, 0.0, 0.0, 0.0, 0.0, 0.0], [0.16983024775981903, 0.3005808889865875, 0.1714746057987213, 0.20424538850784302, 0.15386883914470673, 0.0, 0.0, 0.0, 0.0, 0.0, 0.0, 0.0, 0.0, 0.0, 0.0, 0.0, 0.0, 0.0, 0.0, 0.0, 0.0], [0.06637781113386154, 0.4529062807559967, 0.04379409924149513, 0.02658172696828842, 0.0294828899204731, 0.3808571994304657, 0.0, 0.0, 0.0, 0.0, 0.0, 0.0, 0.0, 0.0, 0.0, 0.0, 0.0, 0.0, 0.0, 0.0, 0.0], [0.03906742483377457, 0.00039602286415174603, 0.08736924827098846, 0.38516780734062195, 0.23984290659427643, 0.000543914909940213, 0.24761267006397247, 0.0, 0.0, 0.0, 0.0, 0.0, 0.0, 0.0, 0.0, 0.0, 0.0, 0.0, 0.0, 0.0, 0.0], [0.03387236222624779, 0.3489210605621338, 0.02103690430521965, 0.011399962939321995, 0.012944525107741356, 0.2864777743816376, 0.013044771738350391, 0.27230265736579895, 0.0, 0.0, 0.0, 0.0, 0.0, 0.0, 0.0, 0.0, 0.0, 0.0, 0.0, 0.0, 0.0], [0.013445678167045116, 7.41586263757199e-05, 0.03372355177998543, 0.16534438729286194, 0.10481006652116776, 0.00010709306661738083, 0.10819129645824432, 0.00011998945410596207, 0.5741837620735168, 0.0, 0.0, 0.0, 0.0, 0.0, 0.0, 0.0, 0.0, 0.0, 0.0, 0.0, 0.0], [0.030290434136986732, 0.26864588260650635, 0.019232528284192085, 0.010532038286328316, 0.012211865745484829, 0.22277234494686127, 0.0122985253110528, 0.21248547732830048, 0.005995510146021843, 0.20553530752658844, 0.0, 0.0, 0.0, 0.0, 0.0, 0.0, 0.0, 0.0, 0.0, 0.0, 0.0], [0.0790126770734787, 0.07694007456302643, 0.09581355005502701, 0.09963860362768173, 0.09486255794763565, 0.08440794795751572, 0.08753348886966705, 0.084314726293087, 0.09405460208654404, 0.08685258775949478, 0.11656925827264786, 0.0, 0.0, 0.0, 0.0, 0.0, 0.0, 0.0, 0.0, 0.0, 0.0], [0.08916144073009491, 0.09084442257881165, 0.08135683089494705, 0.08473397046327591, 0.0816241130232811, 0.0864042416214943, 0.08609342575073242, 0.08668477088212967, 0.08291042596101761, 0.08541195094585419, 0.0747322142124176, 0.07004226744174957, 0.0, 0.0, 0.0, 0.0, 0.0, 0.0, 0.0, 0.0, 0.0], [0.0003367914177943021, 1.4502273870675708e-06, 0.0008897816296666861, 0.004805135075002909, 0.002911664079874754, 2.135672275471734e-06, 0.0030245347879827023, 2.405785153314355e-06, 0.017417415976524353, 2.5466365514148492e-06, 0.19379520416259766, 0.6298813819885254, 0.1469295471906662, 0.0, 0.0, 0.0, 0.0, 0.0, 0.0, 0.0, 0.0], [0.07638204842805862, 0.07089302688837051, 0.0715862587094307, 0.07306353747844696, 0.07297445088624954, 0.06828310340642929, 0.07623333483934402, 0.06860312819480896, 0.0757557600736618, 0.06779240816831589, 0.07184290140867233, 0.06673258543014526, 0.07420355826616287, 0.06565401703119278, 0.0, 0.0, 0.0, 0.0, 0.0, 0.0, 0.0], [0.039290767163038254, 0.024160349741578102, 0.052031535655260086, 0.054005466401576996, 0.05625718832015991, 0.02761632390320301, 0.05140718072652817, 0.027845293283462524, 0.06377643346786499, 0.028858689591288567, 0.09681372344493866, 0.11841291934251785, 0.0856463760137558, 0.14351768791675568, 0.13036009669303894, 0.0, 0.0, 0.0, 0.0, 0.0, 0.0], [0.02532288245856762, 0.24511511623859406, 0.01607166975736618, 0.007847549393773079, 0.009926054626703262, 0.20374120771884918, 0.009837704710662365, 0.1938329041004181, 0.004672138951718807, 0.18785090744495392, 0.00162942660972476, 0.0009446280892007053, 0.0018616437446326017, 0.00057678681332618, 0.0005984249874018133, 0.09017087519168854, 0.0, 0.0, 0.0, 0.0, 0.0], [0.03822679445147514, 0.026565099135041237, 0.050325460731983185, 0.04128365218639374, 0.05218908563256264, 0.030616700649261475, 0.04630301147699356, 0.03072022646665573, 0.05523424595594406, 0.031926777213811874, 0.0801616832613945, 0.08336015790700912, 0.06979198008775711, 0.0996682345867157, 0.10078056901693344, 0.045290760695934296, 0.11755551397800446, 0.0, 0.0, 0.0, 0.0], [0.053394634276628494, 0.042927272617816925, 0.05313832685351372, 0.05498764291405678, 0.05537286400794983, 0.042462192475795746, 0.057167038321495056, 0.042788438498973846, 0.06013531610369682, 0.04258566349744797, 0.06292138248682022, 0.060674186795949936, 0.06345398724079132, 0.06251426786184311, 0.067453533411026, 0.04370495676994324, 0.06904467195272446, 0.06527364253997803, 0.0, 0.0, 0.0], [0.000199023968889378, 3.7577067359961802e-06, 0.0004299829888623208, 0.0008776074973866343, 0.0009802279528230429, 5.271020199870691e-06, 0.0009293414186686277, 5.716746272810269e-06, 0.003346694866195321, 6.034420493961079e-06, 0.020244620740413666, 0.03422897681593895, 0.015484021045267582, 0.08066777884960175, 0.10611140727996826, 2.233601662737783e-05, 0.1985500305891037, 0.5238260626792908, 0.014081179164350033, 0.0, 0.0], [0.05161604657769203, 0.04755093529820442, 0.05041029676795006, 0.049498092383146286, 0.05105677992105484, 0.04670129343867302, 0.052406445145606995, 0.04687315225601196, 0.052854716777801514, 0.046641282737255096, 0.052328865975141525, 0.0488753467798233, 0.05306955426931381, 0.0490926168859005, 0.05302771180868149, 0.0462261401116848, 0.05310579389333725, 0.04874180629849434, 0.052802689373493195, 0.04712044820189476, 0.0], [0.04727218300104141, 0.08198077976703644, 0.05169089883565903, 0.03398581221699715, 0.04425983130931854, 0.0878070518374443, 0.03949486464262009, 0.08604052662849426, 0.034980256110429764, 0.08823096752166748, 0.03302755951881409, 0.02929399348795414, 0.030674796551465988, 0.028537027537822723, 0.028025884181261063, 0.09215975552797318, 0.02802310511469841, 0.02796800620853901, 0.032982055097818375, 0.036915626376867294, 0.036649130284786224]], "type": "heatmap"}], "layout": {"template": {"data": {"histogram2dcontour": [{"type": "histogram2dcontour", "colorbar": {"outlinewidth": 0, "ticks": ""}, "colorscale": [[0.0, "#0d0887"], [0.1111111111111111, "#46039f"], [0.2222222222222222, "#7201a8"], [0.3333333333333333, "#9c179e"], [0.4444444444444444, "#bd3786"], [0.5555555555555556, "#d8576b"], [0.6666666666666666, "#ed7953"], [0.7777777777777778, "#fb9f3a"], [0.8888888888888888, "#fdca26"], [1.0, "#f0f921"]]}], "choropleth": [{"type": "choropleth", "colorbar": {"outlinewidth": 0, "ticks": ""}}], "histogram2d": [{"type": "histogram2d", "colorbar": {"outlinewidth": 0, "ticks": ""}, "colorscale": [[0.0, "#0d0887"], [0.1111111111111111, "#46039f"], [0.2222222222222222, "#7201a8"], [0.3333333333333333, "#9c179e"], [0.4444444444444444, "#bd3786"], [0.5555555555555556, "#d8576b"], [0.6666666666666666, "#ed7953"], [0.7777777777777778, "#fb9f3a"], [0.8888888888888888, "#fdca26"], [1.0, "#f0f921"]]}], "heatmap": [{"type": "heatmap", "colorbar": {"outlinewidth": 0, "ticks": ""}, "colorscale": [[0.0, "#0d0887"], [0.1111111111111111, "#46039f"], [0.2222222222222222, "#7201a8"], [0.3333333333333333, "#9c179e"], [0.4444444444444444, "#bd3786"], [0.5555555555555556, "#d8576b"], [0.6666666666666666, "#ed7953"], [0.7777777777777778, "#fb9f3a"], [0.8888888888888888, "#fdca26"], [1.0, "#f0f921"]]}], "heatmapgl": [{"type": "heatmapgl", "colorbar": {"outlinewidth": 0, "ticks": ""},