{"data": [{"colorscale": [[0.0, "#440154"], [0.1111111111111111, "#482878"], [0.2222222222222222, "#3e4989"], [0.3333333333333333, "#31688e"], [0.4444444444444444, "#26828e"], [0.5555555555555556, "#1f9e89"], [0.6666666666666666, "#35b779"], [0.7777777777777778, "#6ece58"], [0.8888888888888888, "#b5de2b"], [1.0, "#fde725"]], "z": [[1.0, 0.0, 0.0, 0.0, 0.0, 0.0, 0.0, 0.0, 0.0, 0.0, 0.0, 0.0, 0.0, 0.0, 0.0, 0.0, 0.0, 0.0, 0.0], [0.6015030145645142, 0.39849695563316345, 0.0, 0.0, 0.0, 0.0, 0.0, 0.0, 0.0, 0.0, 0.0, 0.0, 0.0, 0.0, 0.0, 0.0, 0.0, 0.0, 0.0], [0.34593766927719116, 0.3135630786418915, 0.34049922227859497, 0.0, 0.0, 0.0, 0.0, 0.0, 0.0, 0.0, 0.0, 0.0, 0.0, 0.0, 0.0, 0.0, 0.0, 0.0, 0.0], [0.25410330295562744, 0.243096262216568, 0.24404364824295044, 0.2587568163871765, 0.0, 0.0, 0.0, 0.0, 0.0, 0.0, 0.0, 0.0, 0.0, 0.0, 0.0, 0.0, 0.0, 0.0, 0.0], [0.169410839676857, 0.11418169736862183, 0.20020237565040588, 0.4023965895175934, 0.11380846053361893, 0.0, 0.0, 0.0, 0.0, 0.0, 0.0, 0.0, 0.0, 0.0, 0.0, 0.0, 0.0, 0.0, 0.0], [0.15343037247657776, 0.10218612849712372, 0.182639017701149, 0.3747531473636627, 0.10184447467327118, 0.08514677733182907, 0.0, 0.0, 0.0, 0.0, 0.0, 0.0, 0.0, 0.0, 0.0, 0.0, 0.0, 0.0, 0.0], [0.14653708040714264, 0.1328207105398178, 0.14433549344539642, 0.16852325201034546, 0.13242846727371216, 0.12834087014198303, 0.1470140814781189, 0.0, 0.0, 0.0, 0.0, 0.0, 0.0, 0.0, 0.0, 0.0, 0.0, 0.0, 0.0], [0.13113491237163544, 0.1347416788339615, 0.12317739427089691, 0.11544980108737946, 0.13449209928512573, 0.13749222457408905, 0.12314816564321518, 0.10036366432905197, 0.0, 0.0, 0.0, 0.0, 0.0, 0.0, 0.0, 0.0, 0.0, 0.0, 0.0], [0.08276978880167007, 0.07305534929037094, 0.08253196626901627, 0.10098083317279816, 0.07280749827623367, 0.0697253942489624, 0.08436457812786102, 0.3610994219779968, 0.07266522943973541, 0.0, 0.0, 0.0, 0.0, 0.0, 0.0, 0.0, 0.0, 0.0, 0.0], [0.09691668301820755, 0.09464608877897263, 0.09263352304697037, 0.09484805911779404, 0.09442569315433502, 0.09450528770685196, 0.09332846850156784, 0.13350628316402435, 0.0896667093038559, 0.11552325636148453, 0.0, 0.0, 0.0, 0.0, 0.0, 0.0, 0.0, 0.0, 0.0], [0.06543801724910736, 0.057802509516477585, 0.06519713997840881, 0.07965967059135437, 0.057607121765613556, 0.055190425366163254, 0.06664016842842102, 0.28322887420654297, 0.05743658170104027, 0.15528590977191925, 0.05651349574327469, 0.0, 0.0, 0.0, 0.0, 0.0, 0.0, 0.0, 0.0], [0.08712173998355865, 0.08824819326400757, 0.08214737474918365, 0.07890941947698593, 0.08807473629713058, 0.08952821791172028, 0.08231920003890991, 0.0789002850651741, 0.08233236521482468, 0.08073002099990845, 0.08225087821483612, 0.07943762093782425, 0.0, 0.0, 0.0, 0.0, 0.0, 0.0, 0.0], [0.05025561898946762, 0.044255100190639496, 0.05014238506555557, 0.06160561367869377, 0.04410543292760849, 0.042197003960609436, 0.05127435922622681, 0.22531206905841827, 0.044046398252248764, 0.12181701511144638, 0.04332447052001953, 0.17858874797821045, 0.043075788766145706, 0.0, 0.0, 0.0, 0.0, 0.0, 0.0], [0.06889086216688156, 0.06746628880500793, 0.065663181245327, 0.06689430773258209, 0.06731273978948593, 0.06745654344558716, 0.06613939255475998, 0.09214293956756592, 0.06370947510004044, 0.0806330218911171, 0.06340133398771286, 0.08748277276754379, 0.06346265971660614, 0.07934433966875076, 0.0, 0.0, 0.0, 0.0, 0.0], [0.04437362775206566, 0.03927529230713844, 0.04416481405496597, 0.053771644830703735, 0.039143018424510956, 0.03753453493118286, 0.04512912034988403, 0.18767862021923065, 0.03898114338517189, 0.1038409098982811, 0.03836336359381676, 0.1500505954027176, 0.03815576806664467, 0.09977415949106216, 0.0397634394466877, 0.0, 0.0, 0.0, 0.0], [0.06856212019920349, 0.07064690440893173, 0.06413266062736511, 0.05978253111243248, 0.07052239775657654, 0.07221479713916779, 0.0641140341758728, 0.05114511027932167, 0.0653105080127716, 0.056518662720918655, 0.06536774337291718, 0.05300083011388779, 0.06563300639390945, 0.056322429329156876, 0.06519539654254913, 0.051530830562114716, 0.0, 0.0, 0.0], [0.03561307117342949, 0.0313461609184742, 0.03553267568349838, 0.043696969747543335, 0.031241141259670258, 0.02988174743950367, 0.03633788973093033, 0.16060134768486023, 0.031197886914014816, 0.08662199229001999, 0.030684970319271088, 0.12718364596366882, 0.030508175492286682, 0.0831238329410553, 0.03185001760721207, 0.14357537031173706, 0.031003117561340332, 0.0, 0.0], [0.06360063701868057, 0.06652818620204926, 0.05909906327724457, 0.05366772040724754, 0.0664273202419281, 0.06845618039369583, 0.05895819142460823, 0.040026579052209854, 0.06103498116135597, 0.047327131032943726, 0.06119002401828766, 0.04254506155848503, 0.06149745360016823, 0.047333747148513794, 0.060801804065704346, 0.04078807681798935, 0.061413493007421494, 0.039304219186306, 0.0], [0.021619966253638268, 0.01856102980673313, 0.022726332768797874, 0.02973274327814579, 0.01846933364868164, 0.01706242375075817, 0.023144248872995377, 0.10651078820228577, 0.020023919641971588, 0.055758800357580185, 0.01971755176782608, 0.08355247974395752, 0.019494950771331787, 0.05435721576213837, 0.020369872450828552, 0.09621641784906387, 0.019733330234885216, 0.1086854413151741, 0.24426323175430298]], "type": "heatmap"}], "layout": {"template": {"data": {"histogram2dcontour": [{"type": "histogram2dcontour", "colorbar": {"outlinewidth": 0, "ticks": ""}, "colorscale": [[0.0, "#0d0887"], [0.1111111111111111, "#46039f"], [0.2222222222222222, "#7201a8"], [0.3333333333333333, "#9c179e"], [0.4444444444444444, "#bd3786"], [0.5555555555555556, "#d8576b"], [0.6666666666666666, "#ed7953"], [0.7777777777777778, "#fb9f3a"], [0.8888888888888888, "#fdca26"], [1.0, "#f0f921"]]}], "choropleth": [{"type": "choropleth", "colorbar": {"outlinewidth": 0, "ticks": ""}}], "histogram2d": [{"type": "histogram2d", "colorbar": {"outlinewidth": 0, "ticks": ""}, "colorscale": [[0.0, "#0d0887"], [0.1111111111111111, "#46039f"], [0.2222222222222222, "#7201a8"], [0.3333333333333333, "#9c179e"], [0.4444444444444444, "#bd3786"], [0.5555555555555556, "#d8576b"], [0.6666666666666666, "#ed7953"], [0.7777777777777778, "#fb9f3a"], [0.8888888888888888, "#fdca26"], [1.0, "#f0f921"]]}], "heatmap": [{"type": "heatmap", "colorbar": {"outlinewidth": 0, "ticks": ""}, "colorscale": [[0.0, "#0d0887"], [0.1111111111111111, "#46039f"], [0.2222222222222222, "#7201a8"], [0.3333333333333333, "#9c179e"], [0.4444444444444444, "#bd3786"], [0.5555555555555556, "#d8576b"], [0.6666666666666666, "#ed7953"], [0.7777777777777778, "#fb9f3a"], [0.8888888888888888, "#fdca26"], [1.0, "#f0f921"]]}], "heatmapgl": [{"type": "heatmapgl", "colorbar": {"outlinewidth": 0, "ticks": ""}, "colorscale": [[0.0, "#0d0887"], [0.1111111111111111, "#46039f"], [0.2222222222222222, "#7201a8"], [0.3333333333333333, "#9c179e"], [0.4444444444444444, "#bd3786"], [0.5555555555555556, "#d8576b"], [0.6666666666666666, "#ed7953"], [0.7777777777777778, "#fb9f3a"], [0.8888888888888888, "#fdca26"], [1.0, "#f0f921"]]}], "contourcarpet": [{"type": "contourcarpet", "colorbar": {"outlinewidth": 0, "ticks": ""}}], "contour": [{"type": "contour", "colorbar": {"outlinewidth": 0, "ticks": ""}, "colorscale": [[0.0, "#0d0887"], [0.1111111111111111, "#46039f"], [0.2222222222222222, "#7201a8"], [0.3333333333333333, "#9c179e"], [0.4444444444444444, "#bd3786"], [0.5555555555555556, "#d8576b"], [0.6666666666666666, "#ed7953"], [0.7777777777777778, "#fb9f3a"], [0.8888888888888888, "#fdca26"], [1.0, "#f0f921"]]}], "surface": [{"type": "surface", "colorbar": {"outlinewidth": 0, "ticks": ""}, "colorscale": [[0.0, "#0d0887"], [0.1111111111111111, "#46039f"], [0.2222222222222222, "#7201a8"], [0.3333333333333333, "#9c179e"], [0.4444444444444444, "#bd3786"], [0.5555555555555556, "#d8576b"], [0.6666666666666666, "#ed7953"], [0.7777777777777778, "#fb9f3a"], [0.8888888888888888, "#fdca26"], [1.0, "#f0f921"]]}], "mesh3d": [{"type": "mesh3d", "colorbar": {"outlinewidth": 0, "ticks": ""}}], "scatter": [{"fillpattern": {"fillmode": "overlay", "size": 10,