{"data": [{"colorscale": [[0.0, "#440154"], [0.1111111111111111, "#482878"], [0.2222222222222222, "#3e4989"], [0.3333333333333333, "#31688e"], [0.4444444444444444, "#26828e"], [0.5555555555555556, "#1f9e89"], [0.6666666666666666, "#35b779"], [0.7777777777777778, "#6ece58"], [0.8888888888888888, "#b5de2b"], [1.0, "#fde725"]], "z": [[1.0, 0.0, 0.0, 0.0, 0.0, 0.0, 0.0, 0.0, 0.0, 0.0, 0.0, 0.0, 0.0, 0.0, 0.0, 0.0, 0.0, 0.0, 0.0], [0.5049307942390442, 0.4950692653656006, 0.0, 0.0, 0.0, 0.0, 0.0, 0.0, 0.0, 0.0, 0.0, 0.0, 0.0, 0.0, 0.0, 0.0, 0.0, 0.0, 0.0], [0.4748692810535431, 0.5188127160072327, 0.006317988038063049, 0.0, 0.0, 0.0, 0.0, 0.0, 0.0, 0.0, 0.0, 0.0, 0.0, 0.0, 0.0, 0.0, 0.0, 0.0, 0.0], [0.4728442132472992, 0.51947021484375, 0.004565246868878603, 0.0031202950049191713, 0.0, 0.0, 0.0, 0.0, 0.0, 0.0, 0.0, 0.0, 0.0, 0.0, 0.0, 0.0, 0.0, 0.0, 0.0], [0.07295840233564377, 0.07188385725021362, 0.38575467467308044, 0.39666619896888733, 0.07273692637681961, 0.0, 0.0, 0.0, 0.0, 0.0, 0.0, 0.0, 0.0, 0.0, 0.0, 0.0, 0.0, 0.0, 0.0], [0.07727764546871185, 0.07649990171194077, 0.3435519337654114, 0.34721601009368896, 0.07673639059066772, 0.0787181556224823, 0.0, 0.0, 0.0, 0.0, 0.0, 0.0, 0.0, 0.0, 0.0, 0.0, 0.0, 0.0, 0.0], [0.24098579585552216, 0.26298385858535767, 0.0033822907134890556, 0.002366298111155629, 0.2274571806192398, 0.25938892364501953, 0.0034356210380792618, 0.0, 0.0, 0.0, 0.0, 0.0, 0.0, 0.0, 0.0, 0.0, 0.0, 0.0, 0.0], [0.24054837226867676, 0.26668718457221985, 0.0015285081462934613, 0.001008430146612227, 0.2250538021326065, 0.2619284689426422, 0.001557052950374782, 0.0016881595365703106, 0.0, 0.0, 0.0, 0.0, 0.0, 0.0, 0.0, 0.0, 0.0, 0.0, 0.0], [0.23817098140716553, 0.25815021991729736, 0.004768929444253445, 0.003437069011852145, 0.22568804025650024, 0.25497138500213623, 0.00483745289966464, 0.005092897452414036, 0.00488303555175662, 0.0, 0.0, 0.0, 0.0, 0.0, 0.0, 0.0, 0.0, 0.0, 0.0], [0.23956021666526794, 0.26421013474464417, 0.001974795712158084, 0.0013274187222123146, 0.22474126517772675, 0.2598970830440521, 0.002009741961956024, 0.0021597675513476133, 0.002029524650424719, 0.002090028254315257, 0.0, 0.0, 0.0, 0.0, 0.0, 0.0, 0.0, 0.0, 0.0], [0.2359732687473297, 0.25590160489082336, 0.004619278479367495, 0.0033222127240151167, 0.2235429883003235, 0.25273624062538147, 0.00468615023419261, 0.004932166542857885, 0.004730902146548033, 0.004820266272872686, 0.004734960850328207, 0.0, 0.0, 0.0, 0.0, 0.0, 0.0, 0.0, 0.0], [0.2390144169330597, 0.2648656964302063, 0.0015445692697539926, 0.001019626623019576, 0.2236628532409668, 0.2601920962333679, 0.0015733186155557632, 0.0017032003961503506, 0.0015890159411355853, 0.0016425906214863062, 0.0015911306254565716, 0.0016015146393328905, 0.0, 0.0, 0.0, 0.0, 0.0, 0.0, 0.0], [0.2336108684539795, 0.25332754850387573, 0.004628883674740791, 0.003326777135953307, 0.22127662599086761, 0.2502860724925995, 0.0046958476305007935, 0.0049241334199905396, 0.00474192900583148, 0.004820078611373901, 0.004745719954371452, 0.004704197868704796, 0.004911343567073345, 0.0, 0.0, 0.0, 0.0, 0.0, 0.0], [0.2377253621816635, 0.26212674379348755, 0.0019323359010741115, 0.001298976014368236, 0.2231435924768448, 0.2577298879623413, 0.0019666198641061783, 0.002119885990396142, 0.0019843110349029303, 0.002048922935500741, 0.0019868826493620872, 0.0019994203466922045, 0.0020718772429972887, 0.0018651892896741629, 0.0, 0.0, 0.0, 0.0, 0.0], [0.2321123629808426, 0.2520582675933838, 0.004292943514883518, 0.003069101134315133, 0.21967945992946625, 0.2489519566297531, 0.004356183111667633, 0.004575893748551607, 0.004399633035063744, 0.004475690424442291, 0.004403255879878998, 0.004367387853562832, 0.004559545312076807, 0.004132948815822601, 0.0045653521083295345, 0.0, 0.0, 0.0, 0.0], [0.23782779276371002, 0.263994038105011, 0.0013815691927447915, 0.0009054708643816411, 0.22242571413516998, 0.259105920791626, 0.0014078391250222921, 0.0015316331991925836, 0.0014209967339411378, 0.0014738684985786676, 0.0014230215456336737, 0.0014377046609297395, 0.001488078967668116, 0.0013334531104192138, 0.0014911367325112224, 0.0013517711777240038, 0.0, 0.0, 0.0], [0.22936411201953888, 0.24883151054382324, 0.004503730684518814, 0.003228176385164261, 0.21717359125614166, 0.2459176927804947, 0.004569299519062042, 0.004772766958922148, 0.004615724552422762, 0.004679775796830654, 0.004619102459400892, 0.00456161517649889, 0.004781039897352457, 0.004325150512158871, 0.004786304663866758, 0.004331995267421007, 0.004938339348882437, 0.0, 0.0], [0.23733782768249512, 0.263497531414032, 0.0013234427897259593, 0.0008660667226649821, 0.22207176685333252, 0.25843286514282227, 0.0013488022377714515, 0.0014744147192686796, 0.0013600190868601203, 0.001415889011695981, 0.0013621023390442133, 0.0013826132053509355, 0.0014248949009925127, 0.0012809326872229576, 0.0014279495226219296, 0.0013008841779083014, 0.0014882428804412484, 0.0012036984553560615, 0.0], [0.0010026257950812578, 0.0009147264063358307, 0.06724495440721512, 0.09790003299713135, 0.001069341436959803, 0.0009219099301844835, 0.0661756694316864, 0.06577935069799423, 0.06495561450719833, 0.06602489203214645, 0.06495609134435654, 0.06869618594646454, 0.06258305162191391, 0.07222869247198105, 0.06257402151823044, 0.0733194425702095, 0.060533557087183, 0.07948698848485947, 0.02363281324505806]], "type": "heatmap"}], "layout": {"template": {"data": {"histogram2dcontour": [{"type": "histogram2dcontour", "colorbar": {"outlinewidth": 0, "ticks": ""}, "colorscale": [[0.0, "#0d0887"], [0.1111111111111111, "#46039f"], [0.2222222222222222, "#7201a8"], [0.3333333333333333, "#9c179e"], [0.4444444444444444, "#bd3786"], [0.5555555555555556, "#d8576b"], [0.6666666666666666, "#ed7953"], [0.7777777777777778, "#fb9f3a"], [0.8888888888888888, "#fdca26"], [1.0, "#f0f921"]]}], "choropleth": [{"type": "choropleth", "colorbar": {"outlinewidth": 0, "ticks": ""}}], "histogram2d": [{"type": "histogram2d", "colorbar": {"outlinewidth": 0, "ticks": ""}, "colorscale": [[0.0, "#0d0887"], [0.1111111111111111, "#46039f"], [0.2222222222222222, "#7201a8"], [0.3333333333333333, "#9c179e"], [0.4444444444444444, "#bd3786"], [0.5555555555555556, "#d8576b"], [0.6666666666666666, "#ed7953"], [0.7777777777777778, "#fb9f3a"], [0.8888888888888888, "#fdca26"], [1.0, "#f0f921"]]}], "heatmap": [{"type": "heatmap", "colorbar": {"outlinewidth": 0, "ticks": ""}, "colorscale": [[0.0, "#0d0887"], [0.1111111111111111, "#46039f"], [0.2222222222222222, "#7201a8"], [0.3333333333333333, "#9c179e"], [0.4444444444444444, "#bd3786"], [0.5555555555555556, "#d8576b"], [0.6666666666666666, "#ed7953"], [0.7777777777777778, "#fb9f3a"], [0.8888888888888888, "#fdca26"], [1.0, "#f0f921"]]}], "heatmapgl": [{"type": "heatmapgl", "colorbar": {"outlinewidth": 0, "ticks": ""}, "colorscale": [[0.0, "#0d0887"], [0.1111111111111111, "#46039f"], [0.2222222222222222, "#7201a8"], [0.3333333333333333, "#9c179e"], [0.4444444444444444, "#bd3786"], [0.5555555555555556, "#d8576b"], [0.6666666666666666, "#ed7953"], [0.7777777777777778, "#fb9f3a"], [0.8888888888888888, "#fdca26"], [1.0, "#f0f921"]]}], "contourcarpet": [{"type": "contourcarpet", "colorbar": {"outlinewidth": 0, "ticks": ""}}], "contour": [{"type": "contour", "colorbar": {"outlinewidth": 0, "ticks": ""}, "colorscale": [[0.0, "#0d0887"], [0.1111111111111111, "#46039f"], [0.2222222222222222, "#7201a8"], [0.3333333333333333, "#9c179e"], [0.4444444444444444, "#bd3786"], [0.5555555555555556, "#d8576b"], [0.6666666666666666, "#ed7953"], [0.7777777777777778, "#fb9f3a"], [0.8888888888888888, "#fdca26"], [1.0, "#f0f921"]]}], "surface": [{"type": "surface", "colorbar": {"outlinewidth": 0, "ticks": ""}, "colorscale": [[0.0, "#0d0887"], [0.1111111111111111, "#46039f"], [0.2222222222222222, "#7201a8"], [0.3333333333333333, "#9c179e"], [0.4444444444444444, "#bd3786"], [0.5555555555555556, "#d8576b"], [0.6666666666666666, "#ed7953"], [0.7777777777777778, "#fb9f3a"], [0.8888888888888888, "#fdca26"], [1.0, "#f0f921"]]}], "mesh3d": [{"type": "mesh3d",