{"data": [{"colorscale": [[0.0, "#440154"], [0.1111111111111111, "#482878"], [0.2222222222222222, "#3e4989"], [0.3333333333333333, "#31688e"], [0.4444444444444444, "#26828e"], [0.5555555555555556, "#1f9e89"], [0.6666666666666666, "#35b779"], [0.7777777777777778, "#6ece58"], [0.8888888888888888, "#b5de2b"], [1.0, "#fde725"]], "z": [[1.0, 0.0, 0.0, 0.0, 0.0, 0.0, 0.0, 0.0, 0.0, 0.0, 0.0, 0.0, 0.0, 0.0, 0.0, 0.0, 0.0, 0.0, 0.0], [0.43013593554496765, 0.56986403465271, 0.0, 0.0, 0.0, 0.0, 0.0, 0.0, 0.0, 0.0, 0.0, 0.0, 0.0, 0.0, 0.0, 0.0, 0.0, 0.0, 0.0], [0.2898554801940918, 0.4359799027442932, 0.274164617061615, 0.0, 0.0, 0.0, 0.0, 0.0, 0.0, 0.0, 0.0, 0.0, 0.0, 0.0, 0.0, 0.0, 0.0, 0.0, 0.0], [0.2133568674325943, 0.3210725784301758, 0.21787171065807343, 0.24769887328147888, 0.0, 0.0, 0.0, 0.0, 0.0, 0.0, 0.0, 0.0, 0.0, 0.0, 0.0, 0.0, 0.0, 0.0, 0.0], [0.2304564267396927, 0.22149600088596344, 0.13920801877975464, 0.13942950963974, 0.2694101333618164, 0.0, 0.0, 0.0, 0.0, 0.0, 0.0, 0.0, 0.0, 0.0, 0.0, 0.0, 0.0, 0.0, 0.0], [0.15693449974060059, 0.21496397256851196, 0.09092890471220016, 0.10055878013372421, 0.2202775925397873, 0.216336190700531, 0.0, 0.0, 0.0, 0.0, 0.0, 0.0, 0.0, 0.0, 0.0, 0.0, 0.0, 0.0, 0.0], [0.11785104870796204, 0.17785915732383728, 0.11130134016275406, 0.1271696537733078, 0.1494840830564499, 0.19810283184051514, 0.11823190003633499, 0.0, 0.0, 0.0, 0.0, 0.0, 0.0, 0.0, 0.0, 0.0, 0.0, 0.0, 0.0], [0.09152574837207794, 0.13800574839115143, 0.10043703764677048, 0.113766610622406, 0.10997069627046585, 0.15756802260875702, 0.1076950654387474, 0.18103107810020447, 0.0, 0.0, 0.0, 0.0, 0.0, 0.0, 0.0, 0.0, 0.0, 0.0, 0.0], [0.08725666999816895, 0.14563080668449402, 0.07601553201675415, 0.08947533369064331, 0.11968483775854111, 0.16485758125782013, 0.08152225613594055, 0.15192468464374542, 0.08363223820924759, 0.0, 0.0, 0.0, 0.0, 0.0, 0.0, 0.0, 0.0, 0.0, 0.0], [0.07403048872947693, 0.11306146532297134, 0.07733842730522156, 0.08825066685676575, 0.09113293886184692, 0.12855300307273865, 0.08284106105566025, 0.1414005011320114, 0.08435510843992233, 0.11903627961874008, 0.0, 0.0, 0.0, 0.0, 0.0, 0.0, 0.0, 0.0, 0.0], [0.0732538253068924, 0.12083376944065094, 0.06351707875728607, 0.07455551624298096, 0.10013916343450546, 0.1361580640077591, 0.06796617060899734, 0.12491297721862793, 0.06966956704854965, 0.10174493491649628, 0.0672488883137703, 0.0, 0.0, 0.0, 0.0, 0.0, 0.0, 0.0, 0.0], [0.06034770980477333, 0.09134208410978317, 0.0650557428598404, 0.07389844208955765, 0.07313968986272812, 0.10408224910497665, 0.06971870362758636, 0.11781387776136398, 0.0708954855799675, 0.09965073317289352, 0.06836800277233124, 0.10568735003471375, 0.0, 0.0, 0.0, 0.0, 0.0, 0.0, 0.0], [0.06212584674358368, 0.1030954122543335, 0.0536935031414032, 0.06313978135585785, 0.08519687503576279, 0.11636283248662949, 0.05750409513711929, 0.10645128041505814, 0.058991242200136185, 0.08649157732725143, 0.056920506060123444, 0.09385761618614197, 0.056169331073760986, 0.0, 0.0, 0.0, 0.0, 0.0, 0.0], [0.05358731374144554, 0.07886100560426712, 0.05694318935275078, 0.06430884450674057, 0.06437357515096664, 0.0889199823141098, 0.060720447450876236, 0.09950803220272064, 0.06169895455241203, 0.0849624052643776, 0.05966014787554741, 0.08987963944673538, 0.05920930951833725, 0.0773671343922615, 0.0, 0.0, 0.0, 0.0, 0.0], [0.05490672588348389, 0.09046843647956848, 0.04758249968290329, 0.05584133416414261, 0.0750015377998352, 0.10190900415182114, 0.05090707913041115, 0.09346550703048706, 0.05218750238418579, 0.07615295797586441, 0.050379056483507156, 0.08254958689212799, 0.049724992364645004, 0.06873644888401031, 0.05018731951713562, 0.0, 0.0, 0.0, 0.0], [0.045344218611717224, 0.06610843539237976, 0.05056674778461456, 0.05678344890475273, 0.05328388139605522, 0.07490704953670502, 0.054006271064281464, 0.08764583617448807, 0.054783809930086136, 0.07524237036705017, 0.05292009189724922, 0.07927800714969635, 0.05257837101817131, 0.06839390099048615, 0.052788469940423965, 0.07536913454532623, 0.0, 0.0, 0.0], [0.048859819769859314, 0.08023407310247421, 0.04227582365274429, 0.04958551377058029, 0.06663740426301956, 0.0903005450963974, 0.04520806297659874, 0.0827304869890213, 0.04635540768504143, 0.06747633218765259, 0.044765405356884, 0.07312512397766113, 0.04418276250362396, 0.06095234677195549, 0.044596116989851, 0.06975667923688889, 0.0429580919444561, 0.0, 0.0], [0.040364813059568405, 0.0556148923933506, 0.04693317040801048, 0.05181756615638733, 0.04543812945485115, 0.06240120157599449, 0.049837060272693634, 0.07602681964635849, 0.05037839710712433, 0.06673428416252136, 0.04880823567509651, 0.06965118646621704, 0.0485817976295948, 0.061239030212163925, 0.04870885983109474, 0.06648188829421997, 0.04762344807386398, 0.06335917115211487, 0.0], [0.05349133163690567, 0.02938953973352909, 0.07725345343351364, 0.06400346010923386, 0.0350322388112545, 0.02614913322031498, 0.07212111353874207, 0.03606368601322174, 0.06942005455493927, 0.04601191356778145, 0.07191578298807144, 0.04158211871981621, 0.07326627522706985, 0.051366258412599564, 0.072276771068573, 0.04362816736102104, 0.07575757056474686, 0.04557179659605026, 0.015699367970228195]], "type": "heatmap"}], "layout": {"template": {"data": {"histogram2dcontour": [{"type": "histogram2dcontour", "colorbar": {"outlinewidth": 0, "ticks": ""}, "colorscale": [[0.0, "#0d0887"], [0.1111111111111111, "#46039f"], [0.2222222222222222, "#7201a8"], [0.3333333333333333, "#9c179e"], [0.4444444444444444, "#bd3786"], [0.5555555555555556, "#d8576b"], [0.6666666666666666, "#ed7953"], [0.7777777777777778, "#fb9f3a"], [0.8888888888888888, "#fdca26"], [1.0, "#f0f921"]]}], "choropleth": [{"type": "choropleth", "colorbar": {"outlinewidth": 0, "ticks": ""}}], "histogram2d": [{"type": "histogram2d", "colorbar": {"outlinewidth": 0, "ticks": ""}, "colorscale": [[0.0, "#0d0887"], [0.1111111111111111, "#46039f"], [0.2222222222222222, "#7201a8"], [0.3333333333333333, "#9c179e"], [0.4444444444444444, "#bd3786"], [0.5555555555555556, "#d8576b"], [0.6666666666666666, "#ed7953"], [0.7777777777777778, "#fb9f3a"], [0.8888888888888888, "#fdca26"], [1.0, "#f0f921"]]}], "heatmap": [{"type": "heatmap", "colorbar": {"outlinewidth": 0, "ticks": ""}, "colorscale": [[0.0, "#0d0887"], [0.1111111111111111, "#46039f"], [0.2222222222222222, "#7201a8"], [0.3333333333333333, "#9c179e"], [0.4444444444444444, "#bd3786"], [0.5555555555555556, "#d8576b"], [0.6666666666666666, "#ed7953"], [0.7777777777777778, "#fb9f3a"], [0.8888888888888888, "#fdca26"], [1.0, "#f0f921"]]}], "heatmapgl": [{"type": "heatmapgl", "colorbar": {"outlinewidth": 0, "ticks": ""}, "colorscale": [[0.0, "#0d0887"], [0.1111111111111111, "#46039f"], [0.2222222222222222, "#7201a8"], [0.3333333333333333, "#9c179e"], [0.4444444444444444, "#bd3786"], [0.5555555555555556, "#d8576b"], [0.6666666666666666, "#ed7953"], [0.7777777777777778, "#fb9f3a"], [0.8888888888888888, "#fdca26"], [1.0, "#f0f921"]]}], "contourcarpet": [{"type": "contourcarpet", "colorbar": {"outlinewidth": 0, "ticks": ""}}], "contour": [{"type": "contour", "colorbar": {"outlinewidth": 0, "ticks": ""}, "colorscale": [[0.0, "#0d0887"], [0.1111111111111111, "#46039f"], [0.2222222222222222, "#7201a8"], [0.3333333333333333, "#9c179e"], [0.4444444444444444, "#bd3786"], [0.5555555555555556, "#d8576b"], [0.6666666666666666, "#ed7953"], [0.7777777777777778, "#fb9f3a"], [0.8888888888888888, "#fdca26"], [1.0, "#f0f921"]]}], "surface": [{"type": "surface", "colorbar": {"outlinewidth": 0, "ticks": ""}, "colorscale": [[0.0, "#0d0887"], [0.1111111111111111, "#46039f"], [0.2222222222222222, "#7201a8"], [0.3333333333333333, "#9c179e"], [0.4444444444444444, "#bd3786"], [0.5555555555555556, "#d8576b"], [0.6666666666666666, "#ed7953"], [0.7777777777777778, "#fb9f3a"], [0.8888888888888888, "#fdca26"], [1.0, "#f0f921"]]}], "mesh3d": [{"type": "mesh3d", "colorbar": {"outlinewidth": 0, "ticks": ""}}], "scatter": [{"fillpattern": {"fillmode": "overlay", "size": 10, "solidity": 0.2}, "type": "scatter"}],