{"data": [{"colorscale": [[0.0, "#440154"], [0.1111111111111111, "#482878"], [0.2222222222222222, "#3e4989"], [0.3333333333333333, "#31688e"], [0.4444444444444444, "#26828e"], [0.5555555555555556, "#1f9e89"], [0.6666666666666666, "#35b779"], [0.7777777777777778, "#6ece58"], [0.8888888888888888, "#b5de2b"], [1.0, "#fde725"]], "z": [[1.0, 0.0, 0.0, 0.0, 0.0, 0.0, 0.0, 0.0, 0.0, 0.0, 0.0, 0.0, 0.0, 0.0, 0.0, 0.0, 0.0, 0.0, 0.0], [0.49829334020614624, 0.5017066597938538, 0.0, 0.0, 0.0, 0.0, 0.0, 0.0, 0.0, 0.0, 0.0, 0.0, 0.0, 0.0, 0.0, 0.0, 0.0, 0.0, 0.0], [0.3613990545272827, 0.3628341555595398, 0.27576684951782227, 0.0, 0.0, 0.0, 0.0, 0.0, 0.0, 0.0, 0.0, 0.0, 0.0, 0.0, 0.0, 0.0, 0.0, 0.0, 0.0], [0.27913424372673035, 0.28014910221099854, 0.225245863199234, 0.21547076106071472, 0.0, 0.0, 0.0, 0.0, 0.0, 0.0, 0.0, 0.0, 0.0, 0.0, 0.0, 0.0, 0.0, 0.0, 0.0], [0.23163962364196777, 0.23247651755809784, 0.15591660141944885, 0.14538268744945526, 0.2345844805240631, 0.0, 0.0, 0.0, 0.0, 0.0, 0.0, 0.0, 0.0, 0.0, 0.0, 0.0, 0.0, 0.0, 0.0], [0.18748627603054047, 0.18891307711601257, 0.1285967379808426, 0.12000741064548492, 0.18967755138874054, 0.1853189617395401, 0.0, 0.0, 0.0, 0.0, 0.0, 0.0, 0.0, 0.0, 0.0, 0.0, 0.0, 0.0, 0.0], [0.1595565229654312, 0.16029039025306702, 0.12200699746608734, 0.11569543182849884, 0.16121216118335724, 0.15916568040847778, 0.12207284569740295, 0.0, 0.0, 0.0, 0.0, 0.0, 0.0, 0.0, 0.0, 0.0, 0.0, 0.0, 0.0], [0.1384143829345703, 0.1383061558008194, 0.1136116161942482, 0.10969901829957962, 0.13956104218959808, 0.1369602531194687, 0.113663449883461, 0.10978402942419052, 0.0, 0.0, 0.0, 0.0, 0.0, 0.0, 0.0, 0.0, 0.0, 0.0, 0.0], [0.1282007247209549, 0.12925976514816284, 0.0994727835059166, 0.09443220496177673, 0.1293344497680664, 0.12880626320838928, 0.09958519786596298, 0.09124457091093063, 0.09966408461332321, 0.0, 0.0, 0.0, 0.0, 0.0, 0.0, 0.0, 0.0, 0.0, 0.0], [0.11533406376838684, 0.11562316119670868, 0.09181049466133118, 0.0879107341170311, 0.11637911200523376, 0.11470656841993332, 0.09187337011098862, 0.08677763491868973, 0.09124624729156494, 0.08833861351013184, 0.0, 0.0, 0.0, 0.0, 0.0, 0.0, 0.0, 0.0, 0.0], [0.1074114739894867, 0.10823746025562286, 0.08331504464149475, 0.07910728454589844, 0.10836929827928543, 0.10782061517238617, 0.08340097218751907, 0.07656208425760269, 0.08339440822601318, 0.0790056437253952, 0.08337569236755371, 0.0, 0.0, 0.0, 0.0, 0.0, 0.0, 0.0, 0.0], [0.0965418890118599, 0.09650105237960815, 0.07832825928926468, 0.07541292905807495, 0.09738820046186447, 0.09558343887329102, 0.07835717499256134, 0.07525713741779327, 0.07753622531890869, 0.07601988315582275, 0.0775764063000679, 0.07549738883972168, 0.0, 0.0, 0.0, 0.0, 0.0, 0.0, 0.0], [0.09289282560348511, 0.09362031519412994, 0.0716341957449913, 0.06793973594903946, 0.09374283999204636, 0.09323366731405258, 0.07171116769313812, 0.0657179057598114, 0.07170356810092926, 0.06785375624895096, 0.07168690115213394, 0.06637194752693176, 0.0718911811709404, 0.0, 0.0, 0.0, 0.0, 0.0, 0.0], [0.08553335070610046, 0.08556486666202545, 0.06735046952962875, 0.06441815197467804, 0.08637571334838867, 0.08473603427410126, 0.06737076491117477, 0.06396288424730301, 0.06664981693029404, 0.06488599628210068, 0.06668727099895477, 0.06425734609365463, 0.06682302802801132, 0.0653843805193901, 0.0, 0.0, 0.0, 0.0, 0.0], [0.08129820227622986, 0.08189999312162399, 0.06290461122989655, 0.059714846312999725, 0.0820324718952179, 0.08155082166194916, 0.06296905130147934, 0.057854849845170975, 0.06293325126171112, 0.05966818705201149, 0.06292062997817993, 0.05841061845421791, 0.06309680640697479, 0.059881340712308884, 0.0628642737865448, 0.0, 0.0, 0.0, 0.0], [0.07398222386837006, 0.07373076677322388, 0.05979113653302193, 0.05761321261525154, 0.07468261569738388, 0.07285871356725693, 0.05978637561202049, 0.05803024023771286, 0.058870065957307816, 0.058270081877708435, 0.05892305076122284, 0.058116279542446136, 0.059010960161685944, 0.05881046876311302, 0.05893314257264137, 0.0585906095802784, 0.0, 0.0, 0.0], [0.07308121025562286, 0.07360716164112091, 0.05595848709344864, 0.05302649363875389, 0.07377384603023529, 0.07323780655860901, 0.056015342473983765, 0.05139395222067833, 0.055942352861166, 0.05301180109381676, 0.05593379959464073, 0.05188952386379242, 0.05609355494379997, 0.05322751775383949, 0.05588376149535179, 0.05168749764561653, 0.0562359094619751, 0.0, 0.0], [0.06642121821641922, 0.065989650785923, 0.05330337584018707, 0.05137722194194794, 0.06710539013147354, 0.06503876298666, 0.05327427387237549, 0.05224333703517914, 0.05218469351530075, 0.05214518681168556, 0.05225280299782753, 0.05223097652196884, 0.05232265219092369, 0.0527438223361969, 0.05227992683649063, 0.052852340042591095, 0.052525680512189865, 0.053708672523498535, 0.0], [0.05139856040477753, 0.05071493983268738, 0.050793442875146866, 0.051395345479249954, 0.051319025456905365, 0.05008513852953911, 0.05075566843152046, 0.05426514893770218, 0.049944691359996796, 0.052530672401189804, 0.04999886453151703, 0.053689613938331604, 0.04995342344045639, 0.05289158970117569, 0.05007898062467575, 0.054499320685863495, 0.05004221946001053, 0.05536060780286789, 0.07028278708457947]], "type": "heatmap"}], "layout": {"template": {"data": {"histogram2dcontour": [{"type": "histogram2dcontour", "colorbar": {"outlinewidth": 0, "ticks": ""}, "colorscale": [[0.0, "#0d0887"], [0.1111111111111111, "#46039f"], [0.2222222222222222, "#7201a8"], [0.3333333333333333, "#9c179e"], [0.4444444444444444, "#bd3786"], [0.5555555555555556, "#d8576b"], [0.6666666666666666, "#ed7953"], [0.7777777777777778, "#fb9f3a"], [0.8888888888888888, "#fdca26"], [1.0, "#f0f921"]]}], "choropleth": [{"type": "choropleth", "colorbar": {"outlinewidth": 0, "ticks": ""}}], "histogram2d": [{"type": "histogram2d", "colorbar": {"outlinewidth": 0, "ticks": ""}, "colorscale": [[0.0, "#0d0887"], [0.1111111111111111, "#46039f"], [0.2222222222222222, "#7201a8"], [0.3333333333333333, "#9c179e"], [0.4444444444444444, "#bd3786"], [0.5555555555555556, "#d8576b"], [0.6666666666666666, "#ed7953"], [0.7777777777777778, "#fb9f3a"], [0.8888888888888888, "#fdca26"], [1.0, "#f0f921"]]}], "heatmap": [{"type": "heatmap", "colorbar": {"outlinewidth": 0, "ticks": ""}, "colorscale": [[0.0, "#0d0887"], [0.1111111111111111, "#46039f"], [0.2222222222222222, "#7201a8"], [0.3333333333333333, "#9c179e"], [0.4444444444444444, "#bd3786"], [0.5555555555555556, "#d8576b"], [0.6666666666666666, "#ed7953"], [0.7777777777777778, "#fb9f3a"], [0.8888888888888888, "#fdca26"], [1.0, "#f0f921"]]}], "heatmapgl": [{"type": "heatmapgl", "colorbar": {"outlinewidth": 0, "ticks": ""}, "colorscale": [[0.0, "#0d0887"], [0.1111111111111111, "#46039f"], [0.2222222222222222, "#7201a8"], [0.3333333333333333, "#9c179e"], [0.4444444444444444, "#bd3786"], [0.5555555555555556, "#d8576b"], [0.6666666666666666, "#ed7953"], [0.7777777777777778, "#fb9f3a"], [0.8888888888888888, "#fdca26"], [1.0, "#f0f921"]]}], "contourcarpet": [{"type": "contourcarpet", "colorbar": {"outlinewidth": 0, "ticks": ""}}], "contour": [{"type": "contour", "colorbar": {"outlinewidth": 0, "ticks": ""}, "colorscale": [[0.0, "#0d0887"], [0.1111111111111111, "#46039f"], [0.2222222222222222, "#7201a8"], [0.3333333333333333, "#9c179e"], [0.4444444444444444, "#bd3786"], [0.5555555555555556, "#d8576b"], [0.6666666666666666, "#ed7953"], [0.7777777777777778, "#fb9f3a"], [0.8888888888888888, "#fdca26"], [1.0, "#f0f921"]]}], "surface": [{"type": "surface", "colorbar": {"outlinewidth": 0, "ticks": ""}, "colorscale": [[0.0, "#0d0887"], [0.1111111111111111, "#46039f"], [0.2222222222222222, "#7201a8"], [0.3333333333333333, "#9c179e"], [0.4444444444444444, "#bd3786"], [0.5555555555555556, "#d8576b"], [0.6666666666666666, "#ed7953"], [0.7777777777777778, "#fb9f3a"], [0.8888888888888888, "#fdca26"], [1.0, "#f0f921"]]}], "mesh3d": [{"type": "mesh3d", "colorbar": {"outlinewidth": 0, "ticks": ""}}], "scatter": [{"fillpattern": {"fillmode": "overlay", "size": 10, "solidity": 0.2},