{"data": [{"colorscale": [[0.0, "#440154"], [0.1111111111111111, "#482878"], [0.2222222222222222, "#3e4989"], [0.3333333333333333, "#31688e"], [0.4444444444444444, "#26828e"], [0.5555555555555556, "#1f9e89"], [0.6666666666666666, "#35b779"], [0.7777777777777778, "#6ece58"], [0.8888888888888888, "#b5de2b"], [1.0, "#fde725"]], "z": [[1.0, 0.0, 0.0, 0.0, 0.0, 0.0, 0.0, 0.0, 0.0, 0.0, 0.0, 0.0, 0.0, 0.0, 0.0, 0.0, 0.0, 0.0, 0.0], [0.4932650923728943, 0.5067349076271057, 0.0, 0.0, 0.0, 0.0, 0.0, 0.0, 0.0, 0.0, 0.0, 0.0, 0.0, 0.0, 0.0, 0.0, 0.0, 0.0, 0.0], [0.44861119985580444, 0.47003740072250366, 0.08135132491588593, 0.0, 0.0, 0.0, 0.0, 0.0, 0.0, 0.0, 0.0, 0.0, 0.0, 0.0, 0.0, 0.0, 0.0, 0.0, 0.0], [0.41027897596359253, 0.4282696843147278, 0.08914627134799957, 0.07230513542890549, 0.0, 0.0, 0.0, 0.0, 0.0, 0.0, 0.0, 0.0, 0.0, 0.0, 0.0, 0.0, 0.0, 0.0, 0.0], [0.27395105361938477, 0.2804696559906006, 0.09410424530506134, 0.08098417520523071, 0.2704908549785614, 0.0, 0.0, 0.0, 0.0, 0.0, 0.0, 0.0, 0.0, 0.0, 0.0, 0.0, 0.0, 0.0, 0.0], [0.21874463558197021, 0.22542110085487366, 0.0638197585940361, 0.05364472046494484, 0.21531111001968384, 0.22305865585803986, 0.0, 0.0, 0.0, 0.0, 0.0, 0.0, 0.0, 0.0, 0.0, 0.0, 0.0, 0.0, 0.0], [0.21937324106693268, 0.23000474274158478, 0.03951936960220337, 0.031236333772540092, 0.21209655702114105, 0.227909117937088, 0.03986068442463875, 0.0, 0.0, 0.0, 0.0, 0.0, 0.0, 0.0, 0.0, 0.0, 0.0, 0.0, 0.0], [0.19976119697093964, 0.2076980024576187, 0.050921205431222916, 0.042292170226573944, 0.19439342617988586, 0.20611365139484406, 0.05128883942961693, 0.04753154516220093, 0.0, 0.0, 0.0, 0.0, 0.0, 0.0, 0.0, 0.0, 0.0, 0.0, 0.0], [0.20487844944000244, 0.21552692353725433, 0.03546794503927231, 0.027855610474944115, 0.19785010814666748, 0.21387922763824463, 0.035793181508779526, 0.03212054446339607, 0.03662803769111633, 0.0, 0.0, 0.0, 0.0, 0.0, 0.0, 0.0, 0.0, 0.0, 0.0], [0.19014187157154083, 0.19871336221694946, 0.040258653461933136, 0.032566916197538376, 0.18439988791942596, 0.19711162149906158, 0.04058178886771202, 0.03705991432070732, 0.041360076516866684, 0.037805959582328796, 0.0, 0.0, 0.0, 0.0, 0.0, 0.0, 0.0, 0.0, 0.0], [0.19098854064941406, 0.20077203214168549, 0.03356199339032173, 0.026412272825837135, 0.18449148535728455, 0.19922785460948944, 0.033865395933389664, 0.030425211414694786, 0.034635674208402634, 0.03119259513914585, 0.034426916390657425, 0.0, 0.0, 0.0, 0.0, 0.0, 0.0, 0.0, 0.0], [0.16888368129730225, 0.1757103055715561, 0.041291411966085434, 0.034092143177986145, 0.16421948373317719, 0.1743263304233551, 0.04159338399767876, 0.03843952715396881, 0.04228987544775009, 0.03908085823059082, 0.04209461063146591, 0.03797835111618042, 0.0, 0.0, 0.0, 0.0, 0.0, 0.0, 0.0], [0.17984312772750854, 0.1890898197889328, 0.031289007514715195, 0.024592159315943718, 0.17371845245361328, 0.18760894238948822, 0.03157199174165726, 0.028341226279735565, 0.03228745236992836, 0.02906038425862789, 0.032092656940221786, 0.027964770793914795, 0.032540056854486465, 0.0, 0.0, 0.0, 0.0, 0.0, 0.0], [0.16045673191547394, 0.16714800894260406, 0.03656942397356033, 0.029892228543758392, 0.15583564341068268, 0.16576506197452545, 0.03684337064623833, 0.033882129937410355, 0.03745449706912041, 0.034484632313251495, 0.03727966919541359, 0.03346661105751991, 0.03770953044295311, 0.03321247920393944, 0.0, 0.0, 0.0, 0.0, 0.0], [0.1691640466451645, 0.17780642211437225, 0.029700974002480507, 0.02337399497628212, 0.16342975199222565, 0.17641016840934753, 0.029967976734042168, 0.02691970206797123, 0.030641797930002213, 0.027597865089774132, 0.030458813533186913, 0.02656368538737297, 0.030880816280841827, 0.02636364847421646, 0.03072030283510685, 0.0, 0.0, 0.0, 0.0], [0.13856852054595947, 0.14352098107337952, 0.038052212446928024, 0.031941257417201996, 0.13504934310913086, 0.1423567533493042, 0.03830264136195183, 0.035775747150182724, 0.03881824389100075, 0.03625058755278587, 0.0386667437851429, 0.03536326065659523, 0.039049386978149414, 0.03509322181344032, 0.03891914337873459, 0.03427189961075783, 0.0, 0.0, 0.0], [0.16004471480846405, 0.16814851760864258, 0.02815239690244198, 0.022162538021802902, 0.15465186536312103, 0.16679461300373077, 0.028402645140886307, 0.025520876049995422, 0.0290225800126791, 0.026157047599554062, 0.028851930052042007, 0.02518427185714245, 0.029251165688037872, 0.024997597560286522, 0.02909979224205017, 0.0240586306899786, 0.029498735442757607, 0.0, 0.0], [0.12111939489841461, 0.12481952458620071, 0.037807319313287735, 0.03231753036379814, 0.11835254728794098, 0.12377627193927765, 0.03802383691072464, 0.035912755876779556, 0.03839482367038727, 0.03626192361116409, 0.038275811821222305, 0.03552141413092613, 0.03861257806420326, 0.03525879234075546, 0.038506824523210526, 0.03459426388144493, 0.038859810680150986, 0.033584531396627426, 0.0], [0.010774013586342335, 0.010273493826389313, 0.06018546223640442, 0.07619782537221909, 0.011093460023403168, 0.010367907583713531, 0.059756819158792496, 0.06758447736501694, 0.058705687522888184, 0.06561122089624405, 0.05898840352892876, 0.06824435293674469, 0.05819258093833923, 0.06830250471830368, 0.05851330980658531, 0.07117637991905212, 0.05768713727593422, 0.07452265918254852, 0.053822148591279984]], "type": "heatmap"}], "layout": {"template": {"data": {"histogram2dcontour": [{"type": "histogram2dcontour", "colorbar": {"outlinewidth": 0, "ticks": ""}, "colorscale": [[0.0, "#0d0887"], [0.1111111111111111, "#46039f"], [0.2222222222222222, "#7201a8"], [0.3333333333333333, "#9c179e"], [0.4444444444444444, "#bd3786"], [0.5555555555555556, "#d8576b"], [0.6666666666666666, "#ed7953"], [0.7777777777777778, "#fb9f3a"], [0.8888888888888888, "#fdca26"], [1.0, "#f0f921"]]}], "choropleth": [{"type": "choropleth", "colorbar": {"outlinewidth": 0, "ticks": ""}}], "histogram2d": [{"type": "histogram2d", "colorbar": {"outlinewidth": 0, "ticks": ""}, "colorscale": [[0.0, "#0d0887"], [0.1111111111111111, "#46039f"], [0.2222222222222222, "#7201a8"], [0.3333333333333333, "#9c179e"], [0.4444444444444444, "#bd3786"], [0.5555555555555556, "#d8576b"], [0.6666666666666666, "#ed7953"], [0.7777777777777778, "#fb9f3a"], [0.8888888888888888, "#fdca26"], [1.0, "#f0f921"]]}], "heatmap": [{"type": "heatmap", "colorbar": {"outlinewidth": 0, "ticks": ""}, "colorscale": [[0.0, "#0d0887"], [0.1111111111111111, "#46039f"], [0.2222222222222222, "#7201a8"], [0.3333333333333333, "#9c179e"], [0.4444444444444444, "#bd3786"], [0.5555555555555556, "#d8576b"], [0.6666666666666666, "#ed7953"], [0.7777777777777778, "#fb9f3a"], [0.8888888888888888, "#fdca26"], [1.0, "#f0f921"]]}], "heatmapgl": [{"type": "heatmapgl", "colorbar": {"outlinewidth": 0, "ticks": ""}, "colorscale": [[0.0, "#0d0887"], [0.1111111111111111, "#46039f"], [0.2222222222222222, "#7201a8"], [0.3333333333333333, "#9c179e"], [0.4444444444444444, "#bd3786"], [0.5555555555555556, "#d8576b"], [0.6666666666666666, "#ed7953"], [0.7777777777777778, "#fb9f3a"], [0.8888888888888888, "#fdca26"], [1.0, "#f0f921"]]}], "contourcarpet": [{"type": "contourcarpet", "colorbar": {"outlinewidth": 0, "ticks": ""}}], "contour": [{"type": "contour", "colorbar": {"outlinewidth": 0, "ticks": ""}, "colorscale": [[0.0, "#0d0887"], [0.1111111111111111, "#46039f"], [0.2222222222222222, "#7201a8"], [0.3333333333333333, "#9c179e"], [0.4444444444444444, "#bd3786"], [0.5555555555555556, "#d8576b"], [0.6666666666666666, "#ed7953"], [0.7777777777777778, "#fb9f3a"], [0.8888888888888888, "#fdca26"], [1.0, "#f0f921"]]}], "surface": [{"type": "surface", "colorbar": {"outlinewidth": 0, "ticks": ""}, "colorscale": [[0.0, "#0d0887"], [0.1111111111111111, "#46039f"], [0.2222222222222222, "#7201a8"], [0.3333333333333333, "#9c179e"], [0.4444444444444444, "#bd3786"], [0.5555555555555556, "#d8576b"], [0.6666666666666666, "#ed7953"], [0.7777777777777778, "#fb9f3a"], [0.8888888888888888, "#fdca26"], [1.0, "#f0f921"]]}], "mesh3d": [{"type": "mesh3d", "colorbar": {"outlinewidth": 0, "ticks": ""}}],