{"data": [{"colorscale": [[0.0, "#440154"], [0.1111111111111111, "#482878"], [0.2222222222222222, "#3e4989"], [0.3333333333333333, "#31688e"], [0.4444444444444444, "#26828e"], [0.5555555555555556, "#1f9e89"], [0.6666666666666666, "#35b779"], [0.7777777777777778, "#6ece58"], [0.8888888888888888, "#b5de2b"], [1.0, "#fde725"]], "z": [[1.0, 0.0, 0.0, 0.0, 0.0, 0.0, 0.0, 0.0, 0.0, 0.0, 0.0, 0.0, 0.0, 0.0, 0.0, 0.0, 0.0, 0.0, 0.0], [0.5675374269485474, 0.43246257305145264, 0.0, 0.0, 0.0, 0.0, 0.0, 0.0, 0.0, 0.0, 0.0, 0.0, 0.0, 0.0, 0.0, 0.0, 0.0, 0.0, 0.0], [0.40531259775161743, 0.4769270122051239, 0.11776045709848404, 0.0, 0.0, 0.0, 0.0, 0.0, 0.0, 0.0, 0.0, 0.0, 0.0, 0.0, 0.0, 0.0, 0.0, 0.0, 0.0], [0.14852851629257202, 0.11478865146636963, 0.5951538681983948, 0.1415289342403412, 0.0, 0.0, 0.0, 0.0, 0.0, 0.0, 0.0, 0.0, 0.0, 0.0, 0.0, 0.0, 0.0, 0.0, 0.0], [0.23797079920768738, 0.2633727192878723, 0.16984212398529053, 0.19855082035064697, 0.1302635371685028, 0.0, 0.0, 0.0, 0.0, 0.0, 0.0, 0.0, 0.0, 0.0, 0.0, 0.0, 0.0, 0.0, 0.0], [0.0743982270359993, 0.05571036785840988, 0.33385133743286133, 0.0650210753083229, 0.4155498743057251, 0.055469077080488205, 0.0, 0.0, 0.0, 0.0, 0.0, 0.0, 0.0, 0.0, 0.0, 0.0, 0.0, 0.0, 0.0], [0.17673271894454956, 0.20914708077907562, 0.049823883920907974, 0.24657712876796722, 0.055881962180137634, 0.2146245539188385, 0.04721268266439438, 0.0, 0.0, 0.0, 0.0, 0.0, 0.0, 0.0, 0.0, 0.0, 0.0, 0.0, 0.0], [0.05263836309313774, 0.04001881182193756, 0.23129019141197205, 0.04940354824066162, 0.29705846309661865, 0.04009056091308594, 0.24339257180690765, 0.04610750824213028, 0.0, 0.0, 0.0, 0.0, 0.0, 0.0, 0.0, 0.0, 0.0, 0.0, 0.0], [0.04801177233457565, 0.03604891896247864, 0.23195956647396088, 0.042279068380594254, 0.28517553210258484, 0.035918962210416794, 0.24569949507713318, 0.039274029433727264, 0.035632673650979996, 0.0, 0.0, 0.0, 0.0, 0.0, 0.0, 0.0, 0.0, 0.0, 0.0], [0.049569692462682724, 0.03796576336026192, 0.20532149076461792, 0.04822144657373428, 0.272764652967453, 0.03816128522157669, 0.21537311375141144, 0.04510978236794472, 0.038388755172491074, 0.049124062061309814, 0.0, 0.0, 0.0, 0.0, 0.0, 0.0, 0.0, 0.0, 0.0], [0.04679069668054581, 0.03545612469315529, 0.20828509330749512, 0.04135359078645706, 0.25656557083129883, 0.03534991294145584, 0.22021126747131348, 0.038513924926519394, 0.03512393683195114, 0.0425766259431839, 0.039773259311914444, 0.0, 0.0, 0.0, 0.0, 0.0, 0.0, 0.0, 0.0], [0.04477353021502495, 0.034217432141304016, 0.19373999536037445, 0.04233263432979584, 0.24954357743263245, 0.034300193190574646, 0.2036803662776947, 0.039543699473142624, 0.03432139381766319, 0.04327850043773651, 0.03860349953174591, 0.041665248572826385, 0.0, 0.0, 0.0, 0.0, 0.0, 0.0, 0.0], [0.04058866947889328, 0.030307097360491753, 0.20060370862483978, 0.035734888166189194, 0.2494257241487503, 0.03020966239273548, 0.2127188742160797, 0.03314726799726486, 0.02996773086488247, 0.0368351973593235, 0.034211356192827225, 0.03500007465481758, 0.031249748542904854, 0.0, 0.0, 0.0, 0.0, 0.0, 0.0], [0.044883351773023605, 0.03553671017289162, 0.1644027680158615, 0.0436592735350132, 0.20944951474666595, 0.035687852650880814, 0.17160972952842712, 0.04112958908081055, 0.035663533955812454, 0.044440921396017075, 0.03952869400382042, 0.04310598224401474, 0.036913324147462845, 0.05398876592516899, 0.0, 0.0, 0.0, 0.0, 0.0], [0.038862381130456924, 0.029218846932053566, 0.18113720417022705, 0.03435715660452843, 0.22588704526424408, 0.029142944142222404, 0.19179926812648773, 0.03192891180515289, 0.028937462717294693, 0.03539502993226051, 0.032881997525691986, 0.033655792474746704, 0.030144814401865005, 0.04356081411242485, 0.03309033066034317, 0.0, 0.0, 0.0, 0.0], [0.04021890461444855, 0.031470827758312225, 0.15985381603240967, 0.03776485472917557, 0.1975530982017517, 0.03150161728262901, 0.16750065982341766, 0.035456616431474686, 0.03136831894516945, 0.03861420601606369, 0.035066135227680206, 0.03720858693122864, 0.03252436965703964, 0.046940334141254425, 0.03530504181981087, 0.041652530431747437, 0.0, 0.0, 0.0], [0.03455158323049545, 0.02569168247282505, 0.17893807590007782, 0.02979404293000698, 0.22024838626384735, 0.025566130876541138, 0.19021117687225342, 0.027581609785556793, 0.025230731815099716, 0.030791226774454117, 0.02893645502626896, 0.02914317138493061, 0.026339711621403694, 0.03813588246703148, 0.029104050248861313, 0.032752372324466705, 0.026983683928847313, 0.0, 0.0], [0.04214934632182121, 0.035128407180309296, 0.12582983076572418, 0.04001140221953392, 0.1450393944978714, 0.035131704062223434, 0.13041220605373383, 0.038128484040498734, 0.03479404374957085, 0.04075784981250763, 0.03801463544368744, 0.03957601264119148, 0.03580450266599655, 0.04734264686703682, 0.03821445629000664, 0.04314037784934044, 0.0364568717777729, 0.05406781658530235, 0.0], [0.06309610605239868, 0.07745081931352615, 0.029482383280992508, 0.05382750183343887, 0.019226061180233955, 0.07581041008234024, 0.028826341032981873, 0.05620025470852852, 0.07191488891839981, 0.05428028106689453, 0.06841447204351425, 0.054032620042562485, 0.07035251706838608, 0.04489614814519882, 0.06765958666801453, 0.04755260795354843, 0.0677909106016159, 0.03613406419754028, 0.013052025809884071]], "type": "heatmap"}], "layout": {"template": {"data": {"histogram2dcontour": [{"type": "histogram2dcontour", "colorbar": {"outlinewidth": 0, "ticks": ""}, "colorscale": [[0.0, "#0d0887"], [0.1111111111111111, "#46039f"], [0.2222222222222222, "#7201a8"], [0.3333333333333333, "#9c179e"], [0.4444444444444444, "#bd3786"], [0.5555555555555556, "#d8576b"], [0.6666666666666666, "#ed7953"], [0.7777777777777778, "#fb9f3a"], [0.8888888888888888, "#fdca26"], [1.0, "#f0f921"]]}], "choropleth": [{"type": "choropleth", "colorbar": {"outlinewidth": 0, "ticks": ""}}], "histogram2d": [{"type": "histogram2d", "colorbar": {"outlinewidth": 0, "ticks": ""}, "colorscale": [[0.0, "#0d0887"], [0.1111111111111111, "#46039f"], [0.2222222222222222, "#7201a8"], [0.3333333333333333, "#9c179e"], [0.4444444444444444, "#bd3786"], [0.5555555555555556, "#d8576b"], [0.6666666666666666, "#ed7953"], [0.7777777777777778, "#fb9f3a"], [0.8888888888888888, "#fdca26"], [1.0, "#f0f921"]]}], "heatmap": [{"type": "heatmap", "colorbar": {"outlinewidth": 0, "ticks": ""}, "colorscale": [[0.0, "#0d0887"], [0.1111111111111111, "#46039f"], [0.2222222222222222, "#7201a8"], [0.3333333333333333, "#9c179e"], [0.4444444444444444, "#bd3786"], [0.5555555555555556, "#d8576b"], [0.6666666666666666, "#ed7953"], [0.7777777777777778, "#fb9f3a"], [0.8888888888888888, "#fdca26"], [1.0, "#f0f921"]]}], "heatmapgl": [{"type": "heatmapgl", "colorbar": {"outlinewidth": 0, "ticks": ""}, "colorscale": [[0.0, "#0d0887"], [0.1111111111111111, "#46039f"], [0.2222222222222222, "#7201a8"], [0.3333333333333333, "#9c179e"], [0.4444444444444444, "#bd3786"], [0.5555555555555556, "#d8576b"], [0.6666666666666666, "#ed7953"], [0.7777777777777778, "#fb9f3a"], [0.8888888888888888, "#fdca26"], [1.0, "#f0f921"]]}], "contourcarpet": [{"type": "contourcarpet", "colorbar": {"outlinewidth": 0, "ticks": ""}}], "contour": [{"type": "contour", "colorbar": {"outlinewidth": 0, "ticks": ""}, "colorscale": [[0.0, "#0d0887"], [0.1111111111111111, "#46039f"], [0.2222222222222222, "#7201a8"], [0.3333333333333333, "#9c179e"], [0.4444444444444444, "#bd3786"], [0.5555555555555556, "#d8576b"], [0.6666666666666666, "#ed7953"], [0.7777777777777778, "#fb9f3a"], [0.8888888888888888, "#fdca26"], [1.0, "#f0f921"]]}], "surface": [{"type": "surface", "colorbar": {"outlinewidth": 0, "ticks": ""}, "colorscale": [[0.0, "#0d0887"], [0.1111111111111111, "#46039f"], [0.2222222222222222, "#7201a8"], [0.3333333333333333, "#9c179e"], [0.4444444444444444, "#bd3786"], [0.5555555555555556, "#d8576b"], [0.6666666666666666, "#ed7953"], [0.7777777777777778, "#fb9f3a"], [0.8888888888888888, "#fdca26"], [1.0, "#f0f921"]]}], "mesh3d": [{"type": "mesh3d", "colorbar": {"outlinewidth": 0, "ticks": ""}}],