{"data": [{"colorscale": [[0.0, "#440154"], [0.1111111111111111, "#482878"], [0.2222222222222222, "#3e4989"], [0.3333333333333333, "#31688e"], [0.4444444444444444, "#26828e"], [0.5555555555555556, "#1f9e89"], [0.6666666666666666, "#35b779"], [0.7777777777777778, "#6ece58"], [0.8888888888888888, "#b5de2b"], [1.0, "#fde725"]], "z": [[1.0, 0.0, 0.0, 0.0, 0.0, 0.0, 0.0, 0.0, 0.0, 0.0, 0.0, 0.0, 0.0, 0.0, 0.0, 0.0, 0.0, 0.0, 0.0], [0.6095253825187683, 0.3904745876789093, 0.0, 0.0, 0.0, 0.0, 0.0, 0.0, 0.0, 0.0, 0.0, 0.0, 0.0, 0.0, 0.0, 0.0, 0.0, 0.0, 0.0], [0.24047952890396118, 0.36406177282333374, 0.3954586386680603, 0.0, 0.0, 0.0, 0.0, 0.0, 0.0, 0.0, 0.0, 0.0, 0.0, 0.0, 0.0, 0.0, 0.0, 0.0, 0.0], [0.20307804644107819, 0.3226504921913147, 0.36028313636779785, 0.11398831754922867, 0.0, 0.0, 0.0, 0.0, 0.0, 0.0, 0.0, 0.0, 0.0, 0.0, 0.0, 0.0, 0.0, 0.0, 0.0], [0.2093890756368637, 0.13113579154014587, 0.09718196094036102, 0.3113833963871002, 0.2509097456932068, 0.0, 0.0, 0.0, 0.0, 0.0, 0.0, 0.0, 0.0, 0.0, 0.0, 0.0, 0.0, 0.0, 0.0], [0.19394910335540771, 0.12817850708961487, 0.09606363624334335, 0.269520103931427, 0.22744712233543396, 0.08484160900115967, 0.0, 0.0, 0.0, 0.0, 0.0, 0.0, 0.0, 0.0, 0.0, 0.0, 0.0, 0.0, 0.0], [0.10478222370147705, 0.15766151249408722, 0.16949579119682312, 0.06144588440656662, 0.08887014538049698, 0.23645630478858948, 0.18128818273544312, 0.0, 0.0, 0.0, 0.0, 0.0, 0.0, 0.0, 0.0, 0.0, 0.0, 0.0, 0.0], [0.09076522290706635, 0.14710865914821625, 0.1670823097229004, 0.050292328000068665, 0.07495582848787308, 0.23770850896835327, 0.18079452216625214, 0.05129255726933479, 0.0, 0.0, 0.0, 0.0, 0.0, 0.0, 0.0, 0.0, 0.0, 0.0, 0.0], [0.08623091876506805, 0.12625160813331604, 0.12932325899600983, 0.05010850355029106, 0.07395382970571518, 0.1841823160648346, 0.13769027590751648, 0.05139912664890289, 0.160860076546669, 0.0, 0.0, 0.0, 0.0, 0.0, 0.0, 0.0, 0.0, 0.0, 0.0], [0.07192008197307587, 0.11324408650398254, 0.1247100681066513, 0.04033380001783371, 0.05999661237001419, 0.177745059132576, 0.1343393623828888, 0.04128473252058029, 0.16152940690517426, 0.07489682734012604, 0.0, 0.0, 0.0, 0.0, 0.0, 0.0, 0.0, 0.0, 0.0], [0.06971143186092377, 0.10190010070800781, 0.10451415181159973, 0.04066506773233414, 0.059821996837854385, 0.14841482043266296, 0.111249640583992, 0.0417192243039608, 0.12989768385887146, 0.0684247761964798, 0.12368114292621613, 0.0, 0.0, 0.0, 0.0, 0.0, 0.0, 0.0, 0.0], [0.05827416107058525, 0.09349746257066727, 0.10507632046937943, 0.03243076801300049, 0.04829665273427963, 0.14953838288784027, 0.11352723836898804, 0.03312581405043602, 0.13751837611198425, 0.061690233647823334, 0.1294492483139038, 0.03757535293698311, 0.0, 0.0, 0.0, 0.0, 0.0, 0.0, 0.0], [0.05986487492918968, 0.08695414662361145, 0.08869299292564392, 0.035049133002758026, 0.05149533227086067, 0.12584885954856873, 0.09431210160255432, 0.03595529496669769, 0.10984261333942413, 0.058479949831962585, 0.10466846823692322, 0.03961661458015442, 0.10921958088874817, 0.0, 0.0, 0.0, 0.0, 0.0, 0.0], [0.051112063229084015, 0.07991666346788406, 0.08833247423171997, 0.02906539849936962, 0.04275362193584442, 0.12456002086400986, 0.095058374106884, 0.029769862070679665, 0.11398179829120636, 0.05350170284509659, 0.10763391852378845, 0.03350883349776268, 0.11323535442352295, 0.03756991773843765, 0.0, 0.0, 0.0, 0.0, 0.0], [0.05159982666373253, 0.0753794014453888, 0.07725166529417038, 0.030102906748652458, 0.0442887544631958, 0.10972049832344055, 0.08222183585166931, 0.030880743637681007, 0.09598610550165176, 0.05060857906937599, 0.09139987826347351, 0.034079018980264664, 0.09543370455503464, 0.037454910576343536, 0.09359204024076462, 0.0, 0.0, 0.0, 0.0], [0.04293239489197731, 0.0692584216594696, 0.07904941588640213, 0.024067472666502, 0.03551258146762848, 0.11138264089822769, 0.08549052476882935, 0.02458197809755802, 0.10377895832061768, 0.04612679407000542, 0.0976283997297287, 0.027931613847613335, 0.10307543724775314, 0.03162822127342224, 0.10058438032865524, 0.01697074994444847, 0.0, 0.0, 0.0], [0.04702121764421463, 0.06774218380451202, 0.06888634711503983, 0.027780184522271156, 0.040574174374341965, 0.09724929928779602, 0.07315376400947571, 0.028492426499724388, 0.08492518216371536, 0.0458434633910656, 0.08100944012403488, 0.031324610114097595, 0.08445318788290024, 0.03429953381419182, 0.0828811451792717, 0.021393856033682823, 0.0829700231552124, 0.0, 0.0], [0.03825637325644493, 0.06164146214723587, 0.07145997881889343, 0.021818138659000397, 0.03166354447603226, 0.09902769327163696, 0.07727859169244766, 0.022288886830210686, 0.09375704824924469, 0.04176872596144676, 0.08821925520896912, 0.02532273717224598, 0.09311862289905548, 0.0286709051579237, 0.09088149666786194, 0.015405905432999134, 0.09100877493619919, 0.008411908522248268, 0.0], [0.00016952320584096014, 0.00011690804967656732, 0.0001121493405662477, 0.0002815806365106255, 0.00019719384727068245, 8.088621689239517e-05, 0.00010553455649642274, 0.00027387760928831995, 9.07124049263075e-05, 0.00016923050861805677, 9.519243758404627e-05, 0.00024895850219763815, 9.127464727498591e-05, 0.00022746864124201238, 9.3007882242091e-05, 0.000366867781849578, 9.298225631937385e-05, 0.0005884112324565649, 0.9965984225273132]], "type": "heatmap"}], "layout": {"template": {"data": {"histogram2dcontour": [{"type": "histogram2dcontour", "colorbar": {"outlinewidth": 0, "ticks": ""}, "colorscale": [[0.0, "#0d0887"], [0.1111111111111111, "#46039f"], [0.2222222222222222, "#7201a8"], [0.3333333333333333, "#9c179e"], [0.4444444444444444, "#bd3786"], [0.5555555555555556, "#d8576b"], [0.6666666666666666, "#ed7953"], [0.7777777777777778, "#fb9f3a"], [0.8888888888888888, "#fdca26"], [1.0, "#f0f921"]]}], "choropleth": [{"type": "choropleth", "colorbar": {"outlinewidth": 0, "ticks": ""}}], "histogram2d": [{"type": "histogram2d", "colorbar": {"outlinewidth": 0, "ticks": ""}, "colorscale": [[0.0, "#0d0887"], [0.1111111111111111, "#46039f"], [0.2222222222222222, "#7201a8"], [0.3333333333333333, "#9c179e"], [0.4444444444444444, "#bd3786"], [0.5555555555555556, "#d8576b"], [0.6666666666666666, "#ed7953"], [0.7777777777777778, "#fb9f3a"], [0.8888888888888888, "#fdca26"], [1.0, "#f0f921"]]}], "heatmap": [{"type": "heatmap", "colorbar": {"outlinewidth": 0, "ticks": ""}, "colorscale": [[0.0, "#0d0887"], [0.1111111111111111, "#46039f"], [0.2222222222222222, "#7201a8"], [0.3333333333333333, "#9c179e"], [0.4444444444444444, "#bd3786"], [0.5555555555555556, "#d8576b"], [0.6666666666666666, "#ed7953"], [0.7777777777777778, "#fb9f3a"], [0.8888888888888888, "#fdca26"], [1.0, "#f0f921"]]}], "heatmapgl": [{"type": "heatmapgl", "colorbar": {"outlinewidth": 0, "ticks": ""}, "colorscale": [[0.0, "#0d0887"], [0.1111111111111111, "#46039f"], [0.2222222222222222, "#7201a8"], [0.3333333333333333, "#9c179e"], [0.4444444444444444, "#bd3786"], [0.5555555555555556, "#d8576b"], [0.6666666666666666, "#ed7953"], [0.7777777777777778, "#fb9f3a"], [0.8888888888888888, "#fdca26"], [1.0, "#f0f921"]]}], "contourcarpet": [{"type": "contourcarpet", "colorbar": {"outlinewidth": 0, "ticks": ""}}], "contour": [{"type": "contour", "colorbar": {"outlinewidth": 0, "ticks": ""}, "colorscale": [[0.0, "#0d0887"], [0.1111111111111111, "#46039f"], [0.2222222222222222, "#7201a8"], [0.3333333333333333, "#9c179e"], [0.4444444444444444, "#bd3786"], [0.5555555555555556, "#d8576b"], [0.6666666666666666, "#ed7953"], [0.7777777777777778, "#fb9f3a"], [0.8888888888888888, "#fdca26"], [1.0, "#f0f921"]]}], "surface": [{"type": "surface", "colorbar": {"outlinewidth": 0, "ticks": ""}, "colorscale": [[0.0, "#0d0887"], [0.1111111111111111, "#46039f"], [0.2222222222222222, "#7201a8"], [0.3333333333333333, "#9c179e"], [0.4444444444444444, "#bd3786"], [0.5555555555555556, "#d8576b"], [0.6666666666666666, "#ed7953"], [0.7777777777777778, "#fb9f3a"], [0.8888888888888888, "#fdca26"], [1.0, "#f0f921"]]}], "mesh3d": [{"type": "mesh3d", "colorbar": {"outlinewidth": 0, "ticks": ""}}], "scatter": [{"fillpattern": {"fillmode": "overlay",