{"data": [{"colorscale": [[0.0, "#440154"], [0.1111111111111111, "#482878"], [0.2222222222222222, "#3e4989"], [0.3333333333333333, "#31688e"], [0.4444444444444444, "#26828e"], [0.5555555555555556, "#1f9e89"], [0.6666666666666666, "#35b779"], [0.7777777777777778, "#6ece58"], [0.8888888888888888, "#b5de2b"], [1.0, "#fde725"]], "z": [[1.0, 0.0, 0.0, 0.0, 0.0, 0.0, 0.0, 0.0, 0.0, 0.0, 0.0, 0.0, 0.0, 0.0, 0.0, 0.0, 0.0, 0.0, 0.0], [0.45970556139945984, 0.5402944087982178, 0.0, 0.0, 0.0, 0.0, 0.0, 0.0, 0.0, 0.0, 0.0, 0.0, 0.0, 0.0, 0.0, 0.0, 0.0, 0.0, 0.0], [0.33646708726882935, 0.5026607513427734, 0.1608721762895584, 0.0, 0.0, 0.0, 0.0, 0.0, 0.0, 0.0, 0.0, 0.0, 0.0, 0.0, 0.0, 0.0, 0.0, 0.0, 0.0], [0.27533093094825745, 0.44933047890663147, 0.11772221326828003, 0.15761645138263702, 0.0, 0.0, 0.0, 0.0, 0.0, 0.0, 0.0, 0.0, 0.0, 0.0, 0.0, 0.0, 0.0, 0.0, 0.0], [0.12252075225114822, 0.09396033734083176, 0.22704043984413147, 0.1970365345478058, 0.35944193601608276, 0.0, 0.0, 0.0, 0.0, 0.0, 0.0, 0.0, 0.0, 0.0, 0.0, 0.0, 0.0, 0.0, 0.0], [0.19802364706993103, 0.272264301776886, 0.08226925879716873, 0.10078933835029602, 0.05441086366772652, 0.29224252700805664, 0.0, 0.0, 0.0, 0.0, 0.0, 0.0, 0.0, 0.0, 0.0, 0.0, 0.0, 0.0, 0.0], [0.16419029235839844, 0.24384959042072296, 0.08136960119009018, 0.10300169885158539, 0.07606935501098633, 0.24988941848278046, 0.08163004368543625, 0.0, 0.0, 0.0, 0.0, 0.0, 0.0, 0.0, 0.0, 0.0, 0.0, 0.0, 0.0], [0.1393451988697052, 0.2682621479034424, 0.038245294243097305, 0.056147534400224686, 0.024576475843787193, 0.28812652826309204, 0.037469860166311264, 0.14782699942588806, 0.0, 0.0, 0.0, 0.0, 0.0, 0.0, 0.0, 0.0, 0.0, 0.0, 0.0], [0.12945325672626495, 0.25178995728492737, 0.03570246696472168, 0.0531456395983696, 0.026501044631004333, 0.268433541059494, 0.03538372367620468, 0.1336548626422882, 0.06593547016382217, 0.0, 0.0, 0.0, 0.0, 0.0, 0.0, 0.0, 0.0, 0.0, 0.0], [0.116042360663414, 0.22009536623954773, 0.03361121937632561, 0.048989176750183105, 0.02300950139760971, 0.23478366434574127, 0.033084217458963394, 0.12269102782011032, 0.06101129949092865, 0.1066822037100792, 0.0, 0.0, 0.0, 0.0, 0.0, 0.0, 0.0, 0.0, 0.0], [0.11019410192966461, 0.2065698504447937, 0.03330458700656891, 0.048452213406562805, 0.02587011456489563, 0.21863792836666107, 0.03309750184416771, 0.11364583671092987, 0.058625299483537674, 0.10027830302715302, 0.05132425203919411, 0.0, 0.0, 0.0, 0.0, 0.0, 0.0, 0.0, 0.0], [0.09945473819971085, 0.18850013613700867, 0.028795529156923294, 0.04183344542980194, 0.019125960767269135, 0.2014085054397583, 0.02827393263578415, 0.10571938008069992, 0.05241665244102478, 0.09168796241283417, 0.04562461003661156, 0.097159244120121, 0.0, 0.0, 0.0, 0.0, 0.0, 0.0, 0.0], [0.09482181072235107, 0.1806795746088028, 0.027686066925525665, 0.040711965411901474, 0.02123851887881756, 0.19175948202610016, 0.027499547228217125, 0.09794894605875015, 0.049660101532936096, 0.08603987842798233, 0.04331714287400246, 0.09028246253728867, 0.04835451766848564, 0.0, 0.0, 0.0, 0.0, 0.0, 0.0], [0.08663644641637802, 0.14780475199222565, 0.03309367224574089, 0.045216575264930725, 0.02609710767865181, 0.1543201357126236, 0.03286655619740486, 0.09172307699918747, 0.05206850916147232, 0.08269550651311874, 0.04654884710907936, 0.08596999198198318, 0.050934381783008575, 0.06402447819709778, 0.0, 0.0, 0.0, 0.0, 0.0], [0.08544382452964783, 0.1600649058818817, 0.025909066200256348, 0.03767413645982742, 0.020094893872737885, 0.16942864656448364, 0.025746164843440056, 0.08825038373470306, 0.04556680843234062, 0.07786925882101059, 0.03989800810813904, 0.08154460042715073, 0.04440467059612274, 0.05697609856724739, 0.04112854227423668, 0.0, 0.0, 0.0, 0.0], [0.07808870077133179, 0.13691513240337372, 0.027827899903059006, 0.03851267695426941, 0.02041866071522236, 0.14395023882389069, 0.027493998408317566, 0.08331264555454254, 0.045503295958042145, 0.07420504838228226, 0.04038761183619499, 0.07765617966651917, 0.04437088593840599, 0.056079715490341187, 0.041510242968797684, 0.06376711279153824, 0.0, 0.0, 0.0], [0.07637215405702591, 0.1400609165430069, 0.024706171825528145, 0.035550765693187714, 0.020141882821917534, 0.14751185476779938, 0.024642694741487503, 0.07892179489135742, 0.04208386689424515, 0.07027988135814667, 0.037066396325826645, 0.07325989753007889, 0.041111867874860764, 0.05246266350150108, 0.03814510256052017, 0.05952533334493637, 0.038156721740961075, 0.0, 0.0], [0.06686382740736008, 0.10251940786838531, 0.033083923161029816, 0.04221785068511963, 0.028249189257621765, 0.10525570064783096, 0.03298633545637131, 0.07130728662014008, 0.045771967619657516, 0.0662093535065651, 0.04195956885814667, 0.06797794252634048, 0.04505046457052231, 0.05493224039673805, 0.042787134647369385, 0.0596790574491024, 0.04299657419323921, 0.05015220120549202, 0.0], [0.019020110368728638, 0.010357609018683434, 0.08141347020864487, 0.05580856278538704, 0.14677605032920837, 0.009350724518299103, 0.08408595621585846, 0.019007906317710876, 0.03894396498799324, 0.02267950028181076, 0.045005232095718384, 0.02097468264400959, 0.04048369452357292, 0.034030646085739136, 0.04346058517694473, 0.02806355245411396, 0.045677728950977325, 0.04227733612060547, 0.2125825583934784]], "type": "heatmap"}], "layout": {"template": {"data": {"histogram2dcontour": [{"type": "histogram2dcontour", "colorbar": {"outlinewidth": 0, "ticks": ""}, "colorscale": [[0.0, "#0d0887"], [0.1111111111111111, "#46039f"], [0.2222222222222222, "#7201a8"], [0.3333333333333333, "#9c179e"], [0.4444444444444444, "#bd3786"], [0.5555555555555556, "#d8576b"], [0.6666666666666666, "#ed7953"], [0.7777777777777778, "#fb9f3a"], [0.8888888888888888, "#fdca26"], [1.0, "#f0f921"]]}], "choropleth": [{"type": "choropleth", "colorbar": {"outlinewidth": 0, "ticks": ""}}], "histogram2d": [{"type": "histogram2d", "colorbar": {"outlinewidth": 0, "ticks": ""}, "colorscale": [[0.0, "#0d0887"], [0.1111111111111111, "#46039f"], [0.2222222222222222, "#7201a8"], [0.3333333333333333, "#9c179e"], [0.4444444444444444, "#bd3786"], [0.5555555555555556, "#d8576b"], [0.6666666666666666, "#ed7953"], [0.7777777777777778, "#fb9f3a"], [0.8888888888888888, "#fdca26"], [1.0, "#f0f921"]]}], "heatmap": [{"type": "heatmap", "colorbar": {"outlinewidth": 0, "ticks": ""}, "colorscale": [[0.0, "#0d0887"], [0.1111111111111111, "#46039f"], [0.2222222222222222, "#7201a8"], [0.3333333333333333, "#9c179e"], [0.4444444444444444, "#bd3786"], [0.5555555555555556, "#d8576b"], [0.6666666666666666, "#ed7953"], [0.7777777777777778, "#fb9f3a"], [0.8888888888888888, "#fdca26"], [1.0, "#f0f921"]]}], "heatmapgl": [{"type": "heatmapgl", "colorbar": {"outlinewidth": 0, "ticks": ""}, "colorscale": [[0.0, "#0d0887"], [0.1111111111111111, "#46039f"], [0.2222222222222222, "#7201a8"], [0.3333333333333333, "#9c179e"], [0.4444444444444444, "#bd3786"], [0.5555555555555556, "#d8576b"], [0.6666666666666666, "#ed7953"], [0.7777777777777778, "#fb9f3a"], [0.8888888888888888, "#fdca26"], [1.0, "#f0f921"]]}], "contourcarpet": [{"type": "contourcarpet", "colorbar": {"outlinewidth": 0, "ticks": ""}}], "contour": [{"type": "contour", "colorbar": {"outlinewidth": 0, "ticks": ""}, "colorscale": [[0.0, "#0d0887"], [0.1111111111111111, "#46039f"], [0.2222222222222222, "#7201a8"], [0.3333333333333333, "#9c179e"], [0.4444444444444444, "#bd3786"], [0.5555555555555556, "#d8576b"], [0.6666666666666666, "#ed7953"], [0.7777777777777778, "#fb9f3a"], [0.8888888888888888, "#fdca26"], [1.0, "#f0f921"]]}], "surface": [{"type": "surface", "colorbar": {"outlinewidth": 0, "ticks": ""}, "colorscale": [[0.0, "#0d0887"], [0.1111111111111111, "#46039f"], [0.2222222222222222, "#7201a8"], [0.3333333333333333, "#9c179e"], [0.4444444444444444, "#bd3786"], [0.5555555555555556, "#d8576b"], [0.6666666666666666, "#ed7953"], [0.7777777777777778, "#fb9f3a"], [0.8888888888888888, "#fdca26"], [1.0, "#f0f921"]]}], "mesh3d": [{"type": "mesh3d", "colorbar": {"outlinewidth": 0, "ticks": ""}}], "scatter": [{"fillpattern": {"fillmode": "overlay",