{"data": [{"colorscale": [[0.0, "#440154"], [0.1111111111111111, "#482878"], [0.2222222222222222, "#3e4989"], [0.3333333333333333, "#31688e"], [0.4444444444444444, "#26828e"], [0.5555555555555556, "#1f9e89"], [0.6666666666666666, "#35b779"], [0.7777777777777778, "#6ece58"], [0.8888888888888888, "#b5de2b"], [1.0, "#fde725"]], "z": [[1.0, 0.0, 0.0, 0.0, 0.0, 0.0, 0.0, 0.0, 0.0, 0.0, 0.0, 0.0, 0.0, 0.0, 0.0, 0.0, 0.0, 0.0, 0.0], [0.5679264664649963, 0.4320735037326813, 0.0, 0.0, 0.0, 0.0, 0.0, 0.0, 0.0, 0.0, 0.0, 0.0, 0.0, 0.0, 0.0, 0.0, 0.0, 0.0, 0.0], [0.005052253138273954, 0.9822601675987244, 0.01268754992634058, 0.0, 0.0, 0.0, 0.0, 0.0, 0.0, 0.0, 0.0, 0.0, 0.0, 0.0, 0.0, 0.0, 0.0, 0.0, 0.0], [0.15780606865882874, 0.3186591565608978, 0.1335524618625641, 0.38998228311538696, 0.0, 0.0, 0.0, 0.0, 0.0, 0.0, 0.0, 0.0, 0.0, 0.0, 0.0, 0.0, 0.0, 0.0, 0.0], [0.0007632632041350007, 0.28067225217819214, 0.0017208538483828306, 0.715549111366272, 0.0012945488560944796, 0.0, 0.0, 0.0, 0.0, 0.0, 0.0, 0.0, 0.0, 0.0, 0.0, 0.0, 0.0, 0.0, 0.0], [0.24573853611946106, 0.11011148989200592, 0.23067612946033478, 0.07652652263641357, 0.25110575556755066, 0.08584152907133102, 0.0, 0.0, 0.0, 0.0, 0.0, 0.0, 0.0, 0.0, 0.0, 0.0, 0.0, 0.0, 0.0], [0.0005116737447679043, 0.12239214032888412, 0.00121883989777416, 0.29030096530914307, 0.0009467355557717383, 0.5838239789009094, 0.0008057053782977164, 0.0, 0.0, 0.0, 0.0, 0.0, 0.0, 0.0, 0.0, 0.0, 0.0, 0.0, 0.0], [0.20713777840137482, 0.08816318958997726, 0.15942440927028656, 0.08894544839859009, 0.1589529812335968, 0.06861329078674316, 0.16719798743724823, 0.06156493350863457, 0.0, 0.0, 0.0, 0.0, 0.0, 0.0, 0.0, 0.0, 0.0, 0.0, 0.0], [0.07264786958694458, 0.020084187388420105, 0.2480507642030716, 0.025263501331210136, 0.2905769348144531, 0.023584600538015366, 0.25284647941589355, 0.017527533695101738, 0.049418121576309204, 0.0, 0.0, 0.0, 0.0, 0.0, 0.0, 0.0, 0.0, 0.0, 0.0], [0.07653490453958511, 0.10128972679376602, 0.07284640520811081, 0.12636937201023102, 0.06887497752904892, 0.11050204187631607, 0.06984271109104156, 0.1540454477071762, 0.08502624183893204, 0.134668231010437, 0.0, 0.0, 0.0, 0.0, 0.0, 0.0, 0.0, 0.0, 0.0], [0.05050422623753548, 0.0015296911587938666, 0.2564018964767456, 0.0018068267963826656, 0.3485182225704193, 0.001255370443686843, 0.2961961328983307, 0.0004857383610215038, 0.019018085673451424, 0.008211549371480942, 0.016072304919362068, 0.0, 0.0, 0.0, 0.0, 0.0, 0.0, 0.0, 0.0], [0.15021131932735443, 0.053598955273628235, 0.12691043317317963, 0.05600627139210701, 0.12812811136245728, 0.04161277040839195, 0.13363966345787048, 0.036603983491659164, 0.11962484568357468, 0.031883664429187775, 0.0963394045829773, 0.025440560653805733, 0.0, 0.0, 0.0, 0.0, 0.0, 0.0, 0.0], [0.054036352783441544, 0.009183972142636776, 0.21267765760421753, 0.012114998884499073, 0.25693973898887634, 0.01022320706397295, 0.22139886021614075, 0.0069598425179719925, 0.032313279807567596, 0.06496284902095795, 0.03639717400074005, 0.01973910629749298, 0.0630529522895813, 0.0, 0.0, 0.0, 0.0, 0.0, 0.0], [0.031647369265556335, 0.057105693966150284, 0.03460203483700752, 0.07910674810409546, 0.03230802342295647, 0.07054990530014038, 0.03216278553009033, 0.11474189162254333, 0.037916287779808044, 0.11737580597400665, 0.04720117524266243, 0.15027077496051788, 0.046399157494306564, 0.14861240983009338, 0.0, 0.0, 0.0, 0.0, 0.0], [0.04722319170832634, 0.000828573654871434, 0.24349617958068848, 0.0009538498125039041, 0.34027013182640076, 0.0006066542700864375, 0.29070335626602173, 0.0002016092330450192, 0.015481285750865936, 0.0037265021819621325, 0.011781194247305393, 0.0004511204897426069, 0.024401593953371048, 0.00938017200678587, 0.010494625195860863, 0.0, 0.0, 0.0, 0.0], [0.10446979850530624, 0.049538273364305496, 0.09187638759613037, 0.05510702356696129, 0.09126397222280502, 0.041666727513074875, 0.09458807855844498, 0.041407689452171326, 0.08938505500555038, 0.03668905049562454, 0.07747776061296463, 0.03192027285695076, 0.07408035546541214, 0.028656285256147385, 0.06718695163726807, 0.024686260148882866, 0.0, 0.0, 0.0], [0.041377998888492584, 0.007213191594928503, 0.1605464518070221, 0.00935246329754591, 0.1939271241426468, 0.008013314567506313, 0.16724394261837006, 0.005395473446696997, 0.024880319833755493, 0.049283504486083984, 0.027958089485764503, 0.015130504965782166, 0.04820292815566063, 0.14489609003067017, 0.03368746116757393, 0.030296646058559418, 0.032594479620456696, 0.0, 0.0], [0.047566596418619156, 0.054006073623895645, 0.04197293147444725, 0.067051962018013, 0.0395890474319458, 0.05555570125579834, 0.040689002722501755, 0.07563254982233047, 0.05105167627334595, 0.059928592294454575, 0.053398165851831436, 0.07126567512750626, 0.04942571371793747, 0.055480532348155975, 0.05411169305443764, 0.06930869817733765, 0.050658322870731354, 0.063307024538517, 0.0], [1.926682216435438e-06, 0.00012219043856021017, 6.174297595862299e-06, 0.00028058927273377776, 5.250202320894459e-06, 0.00048121422878466547, 4.377531240606913e-06, 0.0023389956913888454, 5.343383691069903e-06, 0.007485967595130205, 1.9397972209844738e-05, 0.0200741458684206, 2.5137913326034322e-05, 0.05498885735869408, 6.116153235780075e-05, 0.1554214358329773, 1.1511873708514031e-05, 0.7584893703460693, 0.0001769997033989057]], "type": "heatmap"}], "layout": {"template": {"data": {"histogram2dcontour": [{"type": "histogram2dcontour", "colorbar": {"outlinewidth": 0, "ticks": ""}, "colorscale": [[0.0, "#0d0887"], [0.1111111111111111, "#46039f"], [0.2222222222222222, "#7201a8"], [0.3333333333333333, "#9c179e"], [0.4444444444444444, "#bd3786"], [0.5555555555555556, "#d8576b"], [0.6666666666666666, "#ed7953"], [0.7777777777777778, "#fb9f3a"], [0.8888888888888888, "#fdca26"], [1.0, "#f0f921"]]}], "choropleth": [{"type": "choropleth", "colorbar": {"outlinewidth": 0, "ticks": ""}}], "histogram2d": [{"type": "histogram2d", "colorbar": {"outlinewidth": 0, "ticks": ""}, "colorscale": [[0.0, "#0d0887"], [0.1111111111111111, "#46039f"], [0.2222222222222222, "#7201a8"], [0.3333333333333333, "#9c179e"], [0.4444444444444444, "#bd3786"], [0.5555555555555556, "#d8576b"], [0.6666666666666666, "#ed7953"], [0.7777777777777778, "#fb9f3a"], [0.8888888888888888, "#fdca26"], [1.0, "#f0f921"]]}], "heatmap": [{"type": "heatmap", "colorbar": {"outlinewidth": 0, "ticks": ""}, "colorscale": [[0.0, "#0d0887"], [0.1111111111111111, "#46039f"], [0.2222222222222222, "#7201a8"], [0.3333333333333333, "#9c179e"], [0.4444444444444444, "#bd3786"], [0.5555555555555556, "#d8576b"], [0.6666666666666666, "#ed7953"], [0.7777777777777778, "#fb9f3a"], [0.8888888888888888, "#fdca26"], [1.0, "#f0f921"]]}], "heatmapgl": [{"type": "heatmapgl", "colorbar": {"outlinewidth": 0, "ticks": ""}, "colorscale": [[0.0, "#0d0887"], [0.1111111111111111, "#46039f"], [0.2222222222222222, "#7201a8"], [0.3333333333333333, "#9c179e"], [0.4444444444444444, "#bd3786"], [0.5555555555555556, "#d8576b"], [0.6666666666666666, "#ed7953"], [0.7777777777777778, "#fb9f3a"], [0.8888888888888888, "#fdca26"], [1.0, "#f0f921"]]}], "contourcarpet": [{"type": "contourcarpet", "colorbar": {"outlinewidth": 0, "ticks": ""}}], "contour": [{"type": "contour", "colorbar": {"outlinewidth": 0, "ticks": ""}, "colorscale": [[0.0, "#0d0887"], [0.1111111111111111, "#46039f"], [0.2222222222222222, "#7201a8"], [0.3333333333333333, "#9c179e"], [0.4444444444444444, "#bd3786"], [0.5555555555555556, "#d8576b"], [0.6666666666666666, "#ed7953"], [0.7777777777777778, "#fb9f3a"], [0.8888888888888888, "#fdca26"], [1.0, "#f0f921"]]}], "surface": [{"type": "surface", "colorbar": {"outlinewidth": 0, "ticks": ""}, "colorscale": [[0.0, "#0d0887"], [0.1111111111111111, "#46039f"], [0.2222222222222222, "#7201a8"], [0.3333333333333333, "#9c179e"], [0.4444444444444444, "#bd3786"], [0.5555555555555556, "#d8576b"], [0.6666666666666666, "#ed7953"], [0.7777777777777778, "#fb9f3a"], [0.8888888888888888, "#fdca26"], [1.0, "#f0f921"]]}], "mesh3d": [{"type": "mesh3d", "colorbar": {"outlinewidth": 0,