{"data": [{"colorscale": [[0.0, "#440154"], [0.1111111111111111, "#482878"], [0.2222222222222222, "#3e4989"], [0.3333333333333333, "#31688e"], [0.4444444444444444, "#26828e"], [0.5555555555555556, "#1f9e89"], [0.6666666666666666, "#35b779"], [0.7777777777777778, "#6ece58"], [0.8888888888888888, "#b5de2b"], [1.0, "#fde725"]], "z": [[1.0, 0.0, 0.0, 0.0, 0.0, 0.0, 0.0, 0.0, 0.0, 0.0, 0.0, 0.0, 0.0, 0.0, 0.0, 0.0, 0.0, 0.0, 0.0], [0.4445563852787018, 0.5554436445236206, 0.0, 0.0, 0.0, 0.0, 0.0, 0.0, 0.0, 0.0, 0.0, 0.0, 0.0, 0.0, 0.0, 0.0, 0.0, 0.0, 0.0], [0.28102076053619385, 0.22157524526119232, 0.497404009103775, 0.0, 0.0, 0.0, 0.0, 0.0, 0.0, 0.0, 0.0, 0.0, 0.0, 0.0, 0.0, 0.0, 0.0, 0.0, 0.0], [0.18759095668792725, 0.1487574726343155, 0.34034669399261475, 0.3233048617839813, 0.0, 0.0, 0.0, 0.0, 0.0, 0.0, 0.0, 0.0, 0.0, 0.0, 0.0, 0.0, 0.0, 0.0, 0.0], [0.20798054337501526, 0.19842936098575592, 0.19549545645713806, 0.192127987742424, 0.20596666634082794, 0.0, 0.0, 0.0, 0.0, 0.0, 0.0, 0.0, 0.0, 0.0, 0.0, 0.0, 0.0, 0.0, 0.0], [0.16667470335960388, 0.20809651911258698, 0.09721925854682922, 0.10238640755414963, 0.23976187407970428, 0.1858612596988678, 0.0, 0.0, 0.0, 0.0, 0.0, 0.0, 0.0, 0.0, 0.0, 0.0, 0.0, 0.0, 0.0], [0.11791945993900299, 0.09436259418725967, 0.203293576836586, 0.19326362013816833, 0.07826190441846848, 0.10735080391168594, 0.2055480033159256, 0.0, 0.0, 0.0, 0.0, 0.0, 0.0, 0.0, 0.0, 0.0, 0.0, 0.0, 0.0], [0.12006846070289612, 0.12935924530029297, 0.12010056525468826, 0.12333336472511292, 0.12816694378852844, 0.1278781145811081, 0.12070029973983765, 0.13039301335811615, 0.0, 0.0, 0.0, 0.0, 0.0, 0.0, 0.0, 0.0, 0.0, 0.0, 0.0], [0.08752467483282089, 0.07402060180902481, 0.14048898220062256, 0.13551655411720276, 0.06352473050355911, 0.0822029560804367, 0.1418604850769043, 0.1198892593383789, 0.15497179329395294, 0.0, 0.0, 0.0, 0.0, 0.0, 0.0, 0.0, 0.0, 0.0, 0.0], [0.08804244548082352, 0.0843190997838974, 0.11013707518577576, 0.10982626676559448, 0.0778280571103096, 0.08819406479597092, 0.11099071800708771, 0.10680753737688065, 0.11464834958314896, 0.10920628905296326, 0.0, 0.0, 0.0, 0.0, 0.0, 0.0, 0.0, 0.0, 0.0], [0.06612103432416916, 0.05460861325263977, 0.11134681105613708, 0.10670199990272522, 0.046129804104566574, 0.061350759118795395, 0.11247814446687698, 0.09279508143663406, 0.12420409172773361, 0.10006725043058395, 0.124196358025074, 0.0, 0.0, 0.0, 0.0, 0.0, 0.0, 0.0, 0.0], [0.07554644346237183, 0.07639911770820618, 0.08610661327838898, 0.0870368704199791, 0.07276568561792374, 0.07791195809841156, 0.08666550368070602, 0.0878925621509552, 0.08720482885837555, 0.08821989595890045, 0.0864718034863472, 0.08777882158756256, 0.0, 0.0, 0.0, 0.0, 0.0, 0.0, 0.0], [0.05286155641078949, 0.04286551848053932, 0.0920511856675148, 0.08786430209875107, 0.03588460385799408, 0.04856807738542557, 0.0930308923125267, 0.07540614157915115, 0.10361083596944809, 0.08184215426445007, 0.10368070751428604, 0.07788046449422836, 0.10445358604192734, 0.0, 0.0, 0.0, 0.0, 0.0, 0.0], [0.05466245859861374, 0.04818842560052872, 0.08101207762956619, 0.07912877202033997, 0.04236515983939171, 0.05244486406445503, 0.08177223801612854, 0.0724155530333519, 0.08760476112365723, 0.07624560594558716, 0.08732500672340393, 0.07381239533424377, 0.08795998245477676, 0.0750625878572464, 0.0, 0.0, 0.0, 0.0, 0.0], [0.04513442888855934, 0.03689567744731903, 0.07752673327922821, 0.07410463690757751, 0.030961040407419205, 0.04166172072291374, 0.07833679020404816, 0.06398557871580124, 0.08693836629390717, 0.06924735754728317, 0.08696281164884567, 0.06599675118923187, 0.0876036062836647, 0.06792187690734863, 0.08672258257865906, 0.0, 0.0, 0.0, 0.0], [0.05238882079720497, 0.05041530355811119, 0.06636396050453186, 0.06626760214567184, 0.04664180427789688, 0.052654728293418884, 0.06685924530029297, 0.06451661884784698, 0.06871499866247177, 0.06590814143419266, 0.0682540088891983, 0.0649232491850853, 0.06873924285173416, 0.06519833207130432, 0.0681871771812439, 0.06396682560443878, 0.0, 0.0, 0.0], [0.036364611238241196, 0.02826402522623539, 0.06866762042045593, 0.06486088782548904, 0.023105233907699585, 0.03266420587897301, 0.06945056468248367, 0.05396842211484909, 0.07883745431900024, 0.05944691598415375, 0.07902568578720093, 0.056097861379384995, 0.0796261802315712, 0.05820314586162567, 0.07877081632614136, 0.053608451038599014, 0.07903788983821869, 0.0, 0.0], [0.04252559691667557, 0.03843478485941887, 0.0609818771481514, 0.0599459707736969, 0.03434761241078377, 0.04132881760597229, 0.06150044873356819, 0.05575212836265564, 0.06492717564105988, 0.05821133404970169, 0.06465217471122742, 0.056636709719896317, 0.06512559950351715, 0.05743962526321411, 0.06454677134752274, 0.055339183658361435, 0.06491906195878983, 0.0533851683139801, 0.0], [0.0477205365896225, 0.043840132653713226, 0.05746632069349289, 0.056218646466732025, 0.04411729797720909, 0.044928696006536484, 0.05720658600330353, 0.05171915143728256, 0.057785049080848694, 0.0533239021897316, 0.058255620300769806, 0.0526125505566597, 0.05816105008125305, 0.053934887051582336, 0.05826817452907562, 0.052742574363946915, 0.058274365961551666, 0.05260903015732765, 0.04081546887755394]], "type": "heatmap"}], "layout": {"template": {"data": {"histogram2dcontour": [{"type": "histogram2dcontour", "colorbar": {"outlinewidth": 0, "ticks": ""}, "colorscale": [[0.0, "#0d0887"], [0.1111111111111111, "#46039f"], [0.2222222222222222, "#7201a8"], [0.3333333333333333, "#9c179e"], [0.4444444444444444, "#bd3786"], [0.5555555555555556, "#d8576b"], [0.6666666666666666, "#ed7953"], [0.7777777777777778, "#fb9f3a"], [0.8888888888888888, "#fdca26"], [1.0, "#f0f921"]]}], "choropleth": [{"type": "choropleth", "colorbar": {"outlinewidth": 0, "ticks": ""}}], "histogram2d": [{"type": "histogram2d", "colorbar": {"outlinewidth": 0, "ticks": ""}, "colorscale": [[0.0, "#0d0887"], [0.1111111111111111, "#46039f"], [0.2222222222222222, "#7201a8"], [0.3333333333333333, "#9c179e"], [0.4444444444444444, "#bd3786"], [0.5555555555555556, "#d8576b"], [0.6666666666666666, "#ed7953"], [0.7777777777777778, "#fb9f3a"], [0.8888888888888888, "#fdca26"], [1.0, "#f0f921"]]}], "heatmap": [{"type": "heatmap", "colorbar": {"outlinewidth": 0, "ticks": ""}, "colorscale": [[0.0, "#0d0887"], [0.1111111111111111, "#46039f"], [0.2222222222222222, "#7201a8"], [0.3333333333333333, "#9c179e"], [0.4444444444444444, "#bd3786"], [0.5555555555555556, "#d8576b"], [0.6666666666666666, "#ed7953"], [0.7777777777777778, "#fb9f3a"], [0.8888888888888888, "#fdca26"], [1.0, "#f0f921"]]}], "heatmapgl": [{"type": "heatmapgl", "colorbar": {"outlinewidth": 0, "ticks": ""}, "colorscale": [[0.0, "#0d0887"], [0.1111111111111111, "#46039f"], [0.2222222222222222, "#7201a8"], [0.3333333333333333, "#9c179e"], [0.4444444444444444, "#bd3786"], [0.5555555555555556, "#d8576b"], [0.6666666666666666, "#ed7953"], [0.7777777777777778, "#fb9f3a"], [0.8888888888888888, "#fdca26"], [1.0, "#f0f921"]]}], "contourcarpet": [{"type": "contourcarpet", "colorbar": {"outlinewidth": 0, "ticks": ""}}], "contour": [{"type": "contour", "colorbar": {"outlinewidth": 0, "ticks": ""}, "colorscale": [[0.0, "#0d0887"], [0.1111111111111111, "#46039f"], [0.2222222222222222, "#7201a8"], [0.3333333333333333, "#9c179e"], [0.4444444444444444, "#bd3786"], [0.5555555555555556, "#d8576b"], [0.6666666666666666, "#ed7953"], [0.7777777777777778, "#fb9f3a"], [0.8888888888888888, "#fdca26"], [1.0, "#f0f921"]]}], "surface": [{"type": "surface", "colorbar": {"outlinewidth": 0, "ticks": ""}, "colorscale": [[0.0, "#0d0887"], [0.1111111111111111, "#46039f"], [0.2222222222222222, "#7201a8"], [0.3333333333333333, "#9c179e"], [0.4444444444444444, "#bd3786"], [0.5555555555555556, "#d8576b"], [0.6666666666666666, "#ed7953"], [0.7777777777777778, "#fb9f3a"], [0.8888888888888888, "#fdca26"], [1.0, "#f0f921"]]}], "mesh3d": [{"type": "mesh3d", "colorbar": {"outlinewidth": 0, "ticks": ""}}], "scatter": [{"fillpattern": {"fillmode": "overlay", "size": 10, "solidity": 0.2},