{"epoch": 9, "loss": 0.3949071392416954, "ce_loss": 0.1374629195779562, "l1_loss": 0.25744422276814777, "macro_accuracy": 1.0, "micro_accuracy": 1.0, "auc": 1.0, "mAP": 1.0, "_timestamp": 1721314679.779973, "_runtime": 4.869408130645752, "_step": 10, "precision_recall_fscore": {"_type": "plotly-file", "sha256": "a0ed17e8c265fc65b87eb4aab9ce6b841454cb93842e720de536244308913ab6", "size": 8098, "path": "media/plotly/precision_recall_fscore_10_a0ed17e8c265fc65b87e.plotly.json"}, "precision_recall_curve": {"_type": "plotly-file", "sha256": "72774f49bd1cd1d28c6ace856a028018c28ba987e6f0770f3b486f3667952fd5", "size": 8335, "path": "media/plotly/precision_recall_curve_10_72774f49bd1cd1d28c6a.plotly.json"}, "_wandb": {"runtime": 7}}