{"epoch": 49, "loss": 0.3015604093670845, "_timestamp": 1721310977.760302, "_runtime": 57.16685104370117, "_step": 100, "macro_accuracy": 1.0, "micro_accuracy": 1.0, "auc": 1.0, "mAP": 1.0, "precision_recall_fscore": {"_type": "plotly-file", "sha256": "2c252899521b8d361d1709e6dc2a86c78f794748c2ef4610ff2f035bf9798edf", "size": 8170, "path": "media/plotly/precision_recall_fscore_100_2c252899521b8d361d17.plotly.json"}, "precision_recall_curve": {"_type": "plotly-file", "sha256": "c016245c42bfcbc75ceda09b89e2a2f51cf64516fe534bb72e3b183dbbad27f1", "size": 8693, "path": "media/plotly/precision_recall_curve_100_c016245c42bfcbc75ced.plotly.json"}, "_wandb": {"runtime": 56}}