{"epoch": 9, "loss": 0.3110202538967133, "_timestamp": 1721311089.238915, "_runtime": 12.479574918746948, "_step": 20, "macro_accuracy": 0.8886674718196457, "micro_accuracy": 0.9181818181818182, "auc": 0.9380044693648941, "mAP": 0.8146527252904777, "precision_recall_fscore": {"_type": "plotly-file", "sha256": "c55c35ac874ef75c70bbf62b3bf3f330deef7d92d205b169cc3a398a662bb036", "size": 8275, "path": "media/plotly/precision_recall_fscore_20_c55c35ac874ef75c70bb.plotly.json"}, "precision_recall_curve": {"_type": "plotly-file", "sha256": "873298d10c571f4d3020deb436a8c05aa3ab613716400a7c04633dd229b656cd", "size": 8739, "path": "media/plotly/precision_recall_curve_20_873298d10c571f4d3020.plotly.json"}, "_wandb": {"runtime": 11}}