{"data": [{"colorscale": [[0.0, "#440154"], [0.1111111111111111, "#482878"], [0.2222222222222222, "#3e4989"], [0.3333333333333333, "#31688e"], [0.4444444444444444, "#26828e"], [0.5555555555555556, "#1f9e89"], [0.6666666666666666, "#35b779"], [0.7777777777777778, "#6ece58"], [0.8888888888888888, "#b5de2b"], [1.0, "#fde725"]], "z": [[1.0, 0.0, 0.0, 0.0, 0.0, 0.0, 0.0, 0.0, 0.0, 0.0, 0.0, 0.0, 0.0, 0.0, 0.0, 0.0, 0.0], [0.48120054602622986, 0.5187994837760925, 0.0, 0.0, 0.0, 0.0, 0.0, 0.0, 0.0, 0.0, 0.0, 0.0, 0.0, 0.0, 0.0, 0.0, 0.0], [0.006371472496539354, 0.005639635492116213, 0.9879889488220215, 0.0, 0.0, 0.0, 0.0, 0.0, 0.0, 0.0, 0.0, 0.0, 0.0, 0.0, 0.0, 0.0, 0.0], [0.1507127583026886, 0.14615119993686676, 0.5260276794433594, 0.17710833251476288, 0.0, 0.0, 0.0, 0.0, 0.0, 0.0, 0.0, 0.0, 0.0, 0.0, 0.0, 0.0, 0.0], [0.0528588593006134, 0.057118989527225494, 0.7426454424858093, 0.08244654536247253, 0.06493021547794342, 0.0, 0.0, 0.0, 0.0, 0.0, 0.0, 0.0, 0.0, 0.0, 0.0, 0.0, 0.0], [0.10902402549982071, 0.11985629051923752, 0.38083893060684204, 0.13932035863399506, 0.13458500802516937, 0.1163753867149353, 0.0, 0.0, 0.0, 0.0, 0.0, 0.0, 0.0, 0.0, 0.0, 0.0, 0.0], [0.007223240099847317, 0.00637286389246583, 0.3443168103694916, 0.011814972385764122, 0.006107100751250982, 0.006704386323690414, 0.6174606680870056, 0.0, 0.0, 0.0, 0.0, 0.0, 0.0, 0.0, 0.0, 0.0, 0.0], [0.04115601256489754, 0.03993639349937439, 0.31614911556243896, 0.05458438768982887, 0.040291786193847656, 0.04077424108982086, 0.41097837686538696, 0.05612964183092117, 0.0, 0.0, 0.0, 0.0, 0.0, 0.0, 0.0, 0.0, 0.0], [0.02463402785360813, 0.026485273614525795, 0.3580578565597534, 0.03850703313946724, 0.02998981811106205, 0.02598423883318901, 0.42377832531929016, 0.04228370636701584, 0.03027961589396, 0.0, 0.0, 0.0, 0.0, 0.0, 0.0, 0.0, 0.0], [0.01238540280610323, 0.01314565446227789, 0.377090722322464, 0.021447140723466873, 0.014900905080139637, 0.012975187040865421, 0.4917037785053253, 0.02375464327633381, 0.015034536831080914, 0.01756194978952408, 0.0, 0.0, 0.0, 0.0, 0.0, 0.0, 0.0], [0.0014059265376999974, 0.0012290275190025568, 0.2500729262828827, 0.0027823650743812323, 0.0011989587219431996, 0.001300609321333468, 0.5210729837417603, 0.0028701680712401867, 0.0011838817736133933, 0.0013930671848356724, 0.21549013257026672, 0.0, 0.0, 0.0, 0.0, 0.0, 0.0], [0.1106017529964447, 0.11236916482448578, 0.025226816534996033, 0.08922611176967621, 0.1100853756070137, 0.1121324822306633, 0.021343477070331573, 0.08723559230566025, 0.11015011370182037, 0.10400775820016861, 0.025763556361198425, 0.09185778349637985, 0.0, 0.0, 0.0, 0.0, 0.0], [0.005332009866833687, 0.005597380921244621, 0.2761416733264923, 0.009900080971419811, 0.006358167622238398, 0.005549718625843525, 0.3856957256793976, 0.011007815599441528, 0.00640550022944808, 0.007613303139805794, 0.2640767991542816, 0.008013692684471607, 0.008308157324790955, 0.0, 0.0, 0.0, 0.0], [0.01312329526990652, 0.01399177871644497, 0.25189208984375, 0.021255197003483772, 0.01576966978609562, 0.013778679072856903, 0.3112911880016327, 0.02336215227842331, 0.01591493934392929, 0.01826614700257778, 0.246607705950737, 0.016909072175621986, 0.019933247938752174, 0.017904799431562424, 0.0, 0.0, 0.0], [0.026168879121541977, 0.028330806642770767, 0.19651561975479126, 0.03714100643992424, 0.0318618044257164, 0.027692697942256927, 0.2150164097547531, 0.04041433706879616, 0.032181333750486374, 0.03575810417532921, 0.1966625601053238, 0.0286618210375309, 0.03931284695863724, 0.034522149711847305, 0.02975970320403576, 0.0, 0.0], [0.002769623650237918, 0.002834585728123784, 0.271466463804245, 0.005577601958066225, 0.003170828800648451, 0.002840697532519698, 0.4223421812057495, 0.006200921256095171, 0.003189284587278962, 0.0038564978167414665, 0.25380128622055054, 0.004868809599429369, 0.004107572138309479, 0.003914323635399342, 0.002851851051673293, 0.006207414902746677, 0.0], [0.07340534031391144, 0.08483363687992096, 0.002922194777056575, 0.049724508076906204, 0.09159145504236221, 0.08004689961671829, 0.0016842503100633621, 0.0503658652305603, 0.09290666878223419, 0.08551663160324097, 0.0033030486665666103, 0.034291598945856094, 0.09537215530872345, 0.07674947381019592, 0.09407047182321548, 0.06569437682628632, 0.017521411180496216]], "type": "heatmap"}], "layout": {"template": {"data": {"histogram2dcontour": [{"type": "histogram2dcontour", "colorbar": {"outlinewidth": 0, "ticks": ""}, "colorscale": [[0.0, "#0d0887"], [0.1111111111111111, "#46039f"], [0.2222222222222222, "#7201a8"], [0.3333333333333333, "#9c179e"], [0.4444444444444444, "#bd3786"], [0.5555555555555556, "#d8576b"], [0.6666666666666666, "#ed7953"], [0.7777777777777778, "#fb9f3a"], [0.8888888888888888, "#fdca26"], [1.0, "#f0f921"]]}], "choropleth": [{"type": "choropleth", "colorbar": {"outlinewidth": 0, "ticks": ""}}], "histogram2d": [{"type": "histogram2d", "colorbar": {"outlinewidth": 0, "ticks": ""}, "colorscale": [[0.0, "#0d0887"], [0.1111111111111111, "#46039f"], [0.2222222222222222, "#7201a8"], [0.3333333333333333, "#9c179e"], [0.4444444444444444, "#bd3786"], [0.5555555555555556, "#d8576b"], [0.6666666666666666, "#ed7953"], [0.7777777777777778, "#fb9f3a"], [0.8888888888888888, "#fdca26"], [1.0, "#f0f921"]]}], "heatmap": [{"type": "heatmap", "colorbar": {"outlinewidth": 0, "ticks": ""}, "colorscale": [[0.0, "#0d0887"], [0.1111111111111111, "#46039f"], [0.2222222222222222, "#7201a8"], [0.3333333333333333, "#9c179e"], [0.4444444444444444, "#bd3786"], [0.5555555555555556, "#d8576b"], [0.6666666666666666, "#ed7953"], [0.7777777777777778, "#fb9f3a"], [0.8888888888888888, "#fdca26"], [1.0, "#f0f921"]]}], "heatmapgl": [{"type": "heatmapgl", "colorbar": {"outlinewidth": 0, "ticks": ""}, "colorscale": [[0.0, "#0d0887"], [0.1111111111111111, "#46039f"], [0.2222222222222222, "#7201a8"], [0.3333333333333333, "#9c179e"], [0.4444444444444444, "#bd3786"], [0.5555555555555556, "#d8576b"], [0.6666666666666666, "#ed7953"], [0.7777777777777778, "#fb9f3a"], [0.8888888888888888, "#fdca26"], [1.0, "#f0f921"]]}], "contourcarpet": [{"type": "contourcarpet", "colorbar": {"outlinewidth": 0, "ticks": ""}}], "contour": [{"type": "contour", "colorbar": {"outlinewidth": 0, "ticks": ""}, "colorscale": [[0.0, "#0d0887"], [0.1111111111111111, "#46039f"], [0.2222222222222222, "#7201a8"], [0.3333333333333333, "#9c179e"], [0.4444444444444444, "#bd3786"], [0.5555555555555556, "#d8576b"], [0.6666666666666666, "#ed7953"], [0.7777777777777778, "#fb9f3a"], [0.8888888888888888, "#fdca26"], [1.0, "#f0f921"]]}], "surface": [{"type": "surface", "colorbar": {"outlinewidth": 0, "ticks": ""}, "colorscale": [[0.0, "#0d0887"], [0.1111111111111111, "#46039f"], [0.2222222222222222, "#7201a8"], [0.3333333333333333, "#9c179e"], [0.4444444444444444, "#bd3786"], [0.5555555555555556, "#d8576b"], [0.6666666666666666, "#ed7953"], [0.7777777777777778, "#fb9f3a"], [0.8888888888888888, "#fdca26"], [1.0, "#f0f921"]]}], "mesh3d": [{"type": "mesh3d", "colorbar": {"outlinewidth": 0, "ticks": ""}}], "scatter": [{"fillpattern": {"fillmode": "overlay", "size": 10, "solidity": 0.2}, "type": "scatter"}], "parcoords": [{"type": "parcoords", "line": {"colorbar": {"outlinewidth": 0, "ticks": ""}}}], "scatterpolargl": [{"type": "scatterpolargl", "marker": {"colorbar": {"outlinewidth": 0, "ticks": ""}}}], "bar": [{"error_x": {"color": "#2a3f5f"}, "error_y": {"color": "#2a3f5f"}, "marker": {"line": {"color": "#E5ECF6", "width": 0.5}, "pattern": {"fillmode": "overlay", "size": 10, "solidity": 0.2}}, "type": "bar"}], "scattergeo": [{"type": "scattergeo", "marker": {"colorbar": {"outlinewidth": 0, "ticks": ""}}}], "scatterpolar": [{"type": "scatterpolar", "marker": {"colorbar": {"outlinewidth": 0, "ticks": ""}}}], "histogram": [{"marker": {"pattern": {"fillmode": "overlay", "size": 10, "solidity": 0.2}}, "type": "histogram"}], "scattergl": [{"type": "scattergl", "marker": {"colorbar": {"outlinewidth": 0, "ticks": ""}}}], "scatter3d": [{"type": "scatter3d",