{"data": [{"colorscale": [[0.0, "#440154"], [0.1111111111111111, "#482878"], [0.2222222222222222, "#3e4989"], [0.3333333333333333, "#31688e"], [0.4444444444444444, "#26828e"], [0.5555555555555556, "#1f9e89"], [0.6666666666666666, "#35b779"], [0.7777777777777778, "#6ece58"], [0.8888888888888888, "#b5de2b"], [1.0, "#fde725"]], "z": [[1.0, 0.0, 0.0, 0.0, 0.0, 0.0, 0.0, 0.0, 0.0, 0.0, 0.0, 0.0, 0.0, 0.0, 0.0, 0.0, 0.0], [0.445482075214386, 0.554517924785614, 0.0, 0.0, 0.0, 0.0, 0.0, 0.0, 0.0, 0.0, 0.0, 0.0, 0.0, 0.0, 0.0, 0.0, 0.0], [0.06752176582813263, 0.6575404405593872, 0.27493780851364136, 0.0, 0.0, 0.0, 0.0, 0.0, 0.0, 0.0, 0.0, 0.0, 0.0, 0.0, 0.0, 0.0, 0.0], [0.22832496464252472, 0.32042673230171204, 0.23183424770832062, 0.21941408514976501, 0.0, 0.0, 0.0, 0.0, 0.0, 0.0, 0.0, 0.0, 0.0, 0.0, 0.0, 0.0, 0.0], [0.03845863789319992, 0.41944214701652527, 0.19646766781806946, 0.025316055864095688, 0.32031551003456116, 0.0, 0.0, 0.0, 0.0, 0.0, 0.0, 0.0, 0.0, 0.0, 0.0, 0.0, 0.0], [0.19978982210159302, 0.13683728873729706, 0.07263751327991486, 0.1880561262369156, 0.21556437015533447, 0.18711496889591217, 0.0, 0.0, 0.0, 0.0, 0.0, 0.0, 0.0, 0.0, 0.0, 0.0, 0.0], [0.008110566064715385, 0.23310407996177673, 0.04671796038746834, 0.0010017427848652005, 0.05118536949157715, 0.6405565142631531, 0.019323794171214104, 0.0, 0.0, 0.0, 0.0, 0.0, 0.0, 0.0, 0.0, 0.0, 0.0], [0.047088563442230225, 0.14496709406375885, 0.10285092890262604, 0.05192573741078377, 0.2331150323152542, 0.20154188573360443, 0.1035233661532402, 0.11498738825321198, 0.0, 0.0, 0.0, 0.0, 0.0, 0.0, 0.0, 0.0, 0.0], [0.005773758050054312, 0.16501478850841522, 0.09919717907905579, 0.004425379913300276, 0.15247434377670288, 0.2849472463130951, 0.049354344606399536, 0.03894418850541115, 0.19986873865127563, 0.0, 0.0, 0.0, 0.0, 0.0, 0.0, 0.0, 0.0], [0.053963176906108856, 0.10325926542282104, 0.047416117042303085, 0.054328951984643936, 0.19016113877296448, 0.16708287596702576, 0.06831379234790802, 0.05212246626615524, 0.08180148154497147, 0.1815507411956787, 0.0, 0.0, 0.0, 0.0, 0.0, 0.0, 0.0], [0.0014479522360488772, 0.035289131104946136, 0.027407996356487274, 0.000988577026873827, 0.026546217501163483, 0.05338515341281891, 0.011798315681517124, 0.009112746454775333, 0.04480713605880737, 0.7636560797691345, 0.025560667738318443, 0.0, 0.0, 0.0, 0.0, 0.0, 0.0], [0.11897437274456024, 0.09107332676649094, 0.07779840379953384, 0.09760990738868713, 0.08805935084819794, 0.09818968176841736, 0.08524870127439499, 0.06589624285697937, 0.062477972358465195, 0.06267086416482925, 0.0645911693572998, 0.08740995824337006, 0.0, 0.0, 0.0, 0.0, 0.0], [0.03848091885447502, 0.22995632886886597, 0.04781259968876839, 0.002679860685020685, 0.022433171048760414, 0.5001096725463867, 0.021224690601229668, 0.0006633582524955273, 0.002304547931998968, 0.09677750617265701, 0.0030724038369953632, 0.008142496459186077, 0.026342391967773438, 0.0, 0.0, 0.0, 0.0], [0.054849982261657715, 0.10439370572566986, 0.04055144265294075, 0.044348571449518204, 0.1677791029214859, 0.18213938176631927, 0.05859186127781868, 0.03313775733113289, 0.05452839657664299, 0.14849069714546204, 0.032078817486763, 0.007356973364949226, 0.01260619331151247, 0.05914708226919174, 0.0, 0.0, 0.0], [0.003425105707719922, 0.0012164966901764274, 0.012484332546591759, 0.026903878897428513, 0.0031273430213332176, 0.00037534127477556467, 0.010303785093128681, 0.22934378683567047, 0.08661876618862152, 0.003939288668334484, 0.11711393296718597, 0.12576834857463837, 0.04204278811812401, 0.011714911088347435, 0.32562190294265747, 0.0, 0.0], [0.02916545979678631, 0.10178191214799881, 0.032378967851400375, 0.01770990900695324, 0.13484971225261688, 0.2058381885290146, 0.0396849624812603, 0.01593910902738571, 0.037269074469804764, 0.21219125390052795, 0.020176216959953308, 0.0028268375899642706, 0.006619545165449381, 0.089994415640831, 0.005882489960640669, 0.04769193008542061, 0.0], [0.0064139156602323055, 0.0021634974982589483, 0.01582355983555317, 0.024875057861208916, 0.003178064711391926, 0.0007792116375640035, 0.011764601804316044, 0.10930053889751434, 0.04610574245452881, 0.0037273881025612354, 0.07441557943820953, 0.16304048895835876, 0.0638849213719368, 0.011663884855806828, 0.25956130027770996, 0.05207079276442528, 0.15123142302036285]], "type": "heatmap"}], "layout": {"template": {"data": {"histogram2dcontour": [{"type": "histogram2dcontour", "colorbar": {"outlinewidth": 0, "ticks": ""}, "colorscale": [[0.0, "#0d0887"], [0.1111111111111111, "#46039f"], [0.2222222222222222, "#7201a8"], [0.3333333333333333, "#9c179e"], [0.4444444444444444, "#bd3786"], [0.5555555555555556, "#d8576b"], [0.6666666666666666, "#ed7953"], [0.7777777777777778, "#fb9f3a"], [0.8888888888888888, "#fdca26"], [1.0, "#f0f921"]]}], "choropleth": [{"type": "choropleth", "colorbar": {"outlinewidth": 0, "ticks": ""}}], "histogram2d": [{"type": "histogram2d", "colorbar": {"outlinewidth": 0, "ticks": ""}, "colorscale": [[0.0, "#0d0887"], [0.1111111111111111, "#46039f"], [0.2222222222222222, "#7201a8"], [0.3333333333333333, "#9c179e"], [0.4444444444444444, "#bd3786"], [0.5555555555555556, "#d8576b"], [0.6666666666666666, "#ed7953"], [0.7777777777777778, "#fb9f3a"], [0.8888888888888888, "#fdca26"], [1.0, "#f0f921"]]}], "heatmap": [{"type": "heatmap", "colorbar": {"outlinewidth": 0, "ticks": ""}, "colorscale": [[0.0, "#0d0887"], [0.1111111111111111, "#46039f"], [0.2222222222222222, "#7201a8"], [0.3333333333333333, "#9c179e"], [0.4444444444444444, "#bd3786"], [0.5555555555555556, "#d8576b"], [0.6666666666666666, "#ed7953"], [0.7777777777777778, "#fb9f3a"], [0.8888888888888888, "#fdca26"], [1.0, "#f0f921"]]}], "heatmapgl": [{"type": "heatmapgl", "colorbar": {"outlinewidth": 0, "ticks": ""}, "colorscale": [[0.0, "#0d0887"], [0.1111111111111111, "#46039f"], [0.2222222222222222, "#7201a8"], [0.3333333333333333, "#9c179e"], [0.4444444444444444, "#bd3786"], [0.5555555555555556, "#d8576b"], [0.6666666666666666, "#ed7953"], [0.7777777777777778, "#fb9f3a"], [0.8888888888888888, "#fdca26"], [1.0, "#f0f921"]]}], "contourcarpet": [{"type": "contourcarpet", "colorbar": {"outlinewidth": 0, "ticks": ""}}], "contour": [{"type": "contour", "colorbar": {"outlinewidth": 0, "ticks": ""}, "colorscale": [[0.0, "#0d0887"], [0.1111111111111111, "#46039f"], [0.2222222222222222, "#7201a8"], [0.3333333333333333, "#9c179e"], [0.4444444444444444, "#bd3786"], [0.5555555555555556, "#d8576b"], [0.6666666666666666, "#ed7953"], [0.7777777777777778, "#fb9f3a"], [0.8888888888888888, "#fdca26"], [1.0, "#f0f921"]]}], "surface": [{"type": "surface", "colorbar": {"outlinewidth": 0, "ticks": ""}, "colorscale": [[0.0, "#0d0887"], [0.1111111111111111, "#46039f"], [0.2222222222222222, "#7201a8"], [0.3333333333333333, "#9c179e"], [0.4444444444444444, "#bd3786"], [0.5555555555555556, "#d8576b"], [0.6666666666666666, "#ed7953"], [0.7777777777777778, "#fb9f3a"], [0.8888888888888888, "#fdca26"], [1.0, "#f0f921"]]}], "mesh3d": [{"type": "mesh3d", "colorbar": {"outlinewidth": 0, "ticks": ""}}], "scatter": [{"fillpattern": {"fillmode": "overlay", "size": 10, "solidity": 0.2}, "type": "scatter"}], "parcoords": [{"type": "parcoords", "line": {"colorbar": {"outlinewidth": 0, "ticks": ""}}}], "scatterpolargl": [{"type": "scatterpolargl", "marker": {"colorbar": {"outlinewidth": 0, "ticks": ""}}}], "bar": [{"error_x": {"color": "#2a3f5f"}, "error_y": {"color": "#2a3f5f"}, "marker": {"line": {"color": "#E5ECF6", "width": 0.5}, "pattern": {"fillmode": "overlay", "size": 10, "solidity": 0.2}}, "type": "bar"}], "scattergeo": [{"type": "scattergeo", "marker": {"colorbar": {"outlinewidth": 0, "ticks": ""}}}], "scatterpolar": [{"type": "scatterpolar", "marker": {"colorbar": {"outlinewidth": 0, "ticks": ""}}}], "histogram": [{"marker": {"pattern": {"fillmode": "overlay", "size": 10, "solidity": 0.2}}, "type": "histogram"}], "scattergl": [{"type": "scattergl", "marker": {"colorbar": {"outlinewidth": 0, "ticks": ""}}}], "scatter3d": [{"type": "scatter3d",