{"epoch": 49, "loss": 1.5759379430250688, "ce_loss": 1.4508170106194236, "l1_loss": 0.12512094324285333, "_timestamp": 1721310625.013094, "_runtime": 10.823797941207886, "_step": 100, "macro_accuracy": 0.2, "micro_accuracy": 0.08333333333333333, "auc": 0.4564876616281187, "mAP": 0.3833333333333333, "precision_recall_fscore": {"_type": "plotly-file", "sha256": "fdbaccfa6b2722d7d57ee43b846b7cd631f4d96024464177c9ec130b1bdf9144", "size": 8098, "path": "media/plotly/precision_recall_fscore_100_fdbaccfa6b2722d7d57e.plotly.json"}, "precision_recall_curve": {"_type": "plotly-file", "sha256": "f8308c68bb2e95c3e9caa0980675dda3375e9572a931ea9c5e5864112fb670c4", "size": 8311, "path": "media/plotly/precision_recall_curve_100_f8308c68bb2e95c3e9ca.plotly.json"}, "_wandb": {"runtime": 10}}